{"label":0,"gender_num":1,"level_num":0,"Action_ph":0.15170249,"Session_ph":0.00526136,"Nextsong_ph":0.15170249,"Downgrade_ph":0.0,"Upgrade_ph":0.00175379,"ThumbDown_ph":8.7689E-4,"ThumbUp_ph":0.00613825,"Home_ph":0.00964582,"Adv_ph":0.00789204,"Addtolist_ph":0.00438446,"Set_ph":0.00263068,"Addfriend_ph":0.00350757,"Error_ph":8.7689E-4,"Help_ph":0.00263068,"Action_toSession":37.16666667,"Nextsong_toAct":0.77578475,"Downgrade_toAct":0.0,"Upgrade_toAct":0.00896861,"ThumbDown_toAct":0.0044843,"ThumbUp_toAct":0.03139013,"Home_toAct":0.04932735,"Adv_toAct":0.04035874,"Addtolist_toAct":0.02242152,"Set_toAct":0.01345291,"Addfriend_toAct":0.01793722,"Error_toAct":0.0044843,"Help_toAct":0.01345291,"Action_trend":0.27775573,"Nextsong_trend":0.27548209,"Nextsong_betweenHome":15.72727273}
