{"label":0,"gender_num":0,"level_num":1,"Action_ph":1.03082416,"Session_ph":0.00921875,"Nextsong_ph":1.03082416,"Downgrade_ph":0.01005682,"Upgrade_ph":0.0,"ThumbDown_ph":0.01005682,"ThumbUp_ph":0.04525569,"Home_ph":0.03519887,"Adv_ph":8.3807E-4,"Addtolist_ph":0.02849433,"Set_ph":0.00502841,"Addfriend_ph":0.0159233,"Error_ph":0.00167614,"Help_ph":0.00838068,"Action_toSession":130.18181818,"Nextsong_toAct":0.85893855,"Downgrade_toAct":0.00837989,"Upgrade_toAct":0.0,"ThumbDown_toAct":0.00837989,"ThumbUp_toAct":0.0377095,"Home_toAct":0.02932961,"Adv_toAct":6.9832E-4,"Addtolist_toAct":0.02374302,"Set_toAct":0.00418994,"Addfriend_toAct":0.01326816,"Error_toAct":0.00139665,"Help_toAct":0.00698324,"Action_trend":5.05845158,"Nextsong_trend":5.06794291,"Nextsong_betweenHome":28.60465116}
{"label":0,"gender_num":0,"level_num":1,"Action_ph":0.61759719,"Session_ph":0.00495068,"Nextsong_ph":0.61759719,"Downgrade_ph":0.00742602,"Upgrade_ph":0.0,"ThumbDown_ph":0.00247534,"ThumbUp_ph":0.03341708,"Home_ph":0.02722873,"Adv_ph":0.0,"Addtolist_ph":0.01113903,"Set_ph":0.00247534,"Addfriend_ph":0.00990136,"Error_ph":0.00123767,"Help_ph":0.00495068,"Action_toSession":147.25,"Nextsong_toAct":0.84719864,"Downgrade_toAct":0.01018676,"Upgrade_toAct":0.0,"ThumbDown_toAct":0.00339559,"ThumbUp_toAct":0.04584041,"Home_toAct":0.03735144,"Adv_toAct":0.0,"Addtolist_toAct":0.01528014,"Set_toAct":0.00339559,"Addfriend_toAct":0.01358234,"Error_toAct":0.00169779,"Help_toAct":0.00679117,"Action_trend":0.44361658,"Nextsong_trend":0.4590509,"Nextsong_betweenHome":24.95}
