{"label":0,"gender_num":0,"level_num":1,"Action_ph":1.08170223,"Session_ph":0.01149117,"Nextsong_ph":1.08170223,"Downgrade_ph":0.00995901,"Upgrade_ph":7.6608E-4,"ThumbDown_ph":0.00842686,"ThumbUp_ph":0.05745585,"Home_ph":0.04443253,"Adv_ph":0.00306431,"Addtolist_ph":0.02834489,"Set_ph":0.0068947,"Addfriend_ph":0.02528058,"Error_ph":0.00229823,"Help_ph":0.00383039,"Action_toSession":112.13333333,"Nextsong_toAct":0.83947681,"Downgrade_toAct":0.00772889,"Upgrade_toAct":5.9453E-4,"ThumbDown_toAct":0.00653983,"ThumbUp_toAct":0.04458977,"Home_toAct":0.03448276,"Adv_toAct":0.00237812,"Addtolist_toAct":0.02199762,"Set_toAct":0.00535077,"Addfriend_toAct":0.0196195,"Error_toAct":0.00178359,"Help_toAct":0.00297265,"Action_trend":3.65007377,"Nextsong_trend":4.15524776,"Nextsong_betweenHome":27.15384615}
