{"label":1,"gender_num":0,"level_num":0,"Action_ph":0.68140174,"Session_ph":0.01002061,"Nextsong_ph":0.68140174,"Downgrade_ph":0.00572607,"Upgrade_ph":0.00143152,"ThumbDown_ph":0.01288365,"ThumbUp_ph":0.02576729,"Home_ph":0.03865094,"Adv_ph":0.05439762,"Addtolist_ph":0.0171782,"Set_ph":0.0,"Addfriend_ph":0.00286303,"Error_ph":0.0,"Help_ph":0.00286303,"Action_toSession":85.71428571,"Nextsong_toAct":0.79333333,"Downgrade_toAct":0.00666667,"Upgrade_toAct":0.00166667,"ThumbDown_toAct":0.015,"ThumbUp_toAct":0.03,"Home_toAct":0.045,"Adv_toAct":0.06333333,"Addtolist_toAct":0.02,"Set_toAct":0.0,"Addfriend_toAct":0.00333333,"Error_toAct":0.0,"Help_toAct":0.00333333,"Action_trend":3.25508829,"Nextsong_trend":3.32697028,"Nextsong_betweenHome":18.30769231}
{"label":0,"gender_num":0,"level_num":0,"Action_ph":0.14246382,"Session_ph":0.00720323,"Nextsong_ph":0.14246382,"Downgrade_ph":0.0,"Upgrade_ph":0.00240108,"ThumbDown_ph":0.0,"ThumbUp_ph":0.00560251,"Home_ph":0.0096043,"Adv_ph":0.0136061,"Addtolist_ph":0.00640287,"Set_ph":0.00160072,"Addfriend_ph":8.0036E-4,"Error_ph":0.0,"Help_ph":8.0036E-4,"Action_toSession":26.0,"Nextsong_toAct":0.76068376,"Downgrade_toAct":0.0,"Upgrade_toAct":0.01282051,"ThumbDown_toAct":0.0,"ThumbUp_toAct":0.02991453,"Home_toAct":0.05128205,"Adv_toAct":0.07264957,"Addtolist_toAct":0.03418803,"Set_toAct":0.00854701,"Addfriend_toAct":0.0042735,"Error_toAct":0.0,"Help_toAct":0.0042735,"Action_trend":0.02840748,"Nextsong_trend":0.03030073,"Nextsong_betweenHome":14.83333333}
{"label":1,"gender_num":0,"level_num":0,"Action_ph":0.5634538,"Session_ph":0.01381767,"Nextsong_ph":0.5634538,"Downgrade_ph":0.0,"Upgrade_ph":0.00614119,"ThumbDown_ph":0.01688826,"ThumbUp_ph":0.01995885,"Home_ph":0.01842356,"Adv_ph":0.04912949,"Addtolist_ph":0.01688826,"Set_ph":0.00614119,"Addfriend_ph":0.02302945,"Error_ph":0.0,"Help_ph":0.0015353,"Action_toSession":53.11111111,"Nextsong_toAct":0.76778243,"Downgrade_toAct":0.0,"Upgrade_toAct":0.0083682,"ThumbDown_toAct":0.02301255,"ThumbUp_toAct":0.02719665,"Home_toAct":0.0251046,"Adv_toAct":0.06694561,"Addtolist_toAct":0.02301255,"Set_toAct":0.0083682,"Addfriend_toAct":0.03138075,"Error_toAct":0.0,"Help_toAct":0.00209205,"Action_trend":3.01655323,"Nextsong_trend":2.98880556,"Nextsong_betweenHome":30.58333333}
