{"label":0,"gender_num":1,"level_num":1,"Action_ph":1.06194184,"Session_ph":0.01144951,"Nextsong_ph":1.06194184,"Downgrade_ph":0.0128807,"Upgrade_ph":0.00286238,"ThumbDown_ph":0.00930272,"ThumbUp_ph":0.04794481,"Home_ph":0.04651362,"Adv_ph":0.00930272,"Addtolist_ph":0.03077055,"Set_ph":0.01073391,"Addfriend_ph":0.01574307,"Error_ph":0.0,"Help_ph":0.00357797,"Action_toSession":111.0,"Nextsong_toAct":0.83558559,"Downgrade_toAct":0.01013514,"Upgrade_toAct":0.00225225,"ThumbDown_toAct":0.00731982,"ThumbUp_toAct":0.03772523,"Home_toAct":0.0365991,"Adv_toAct":0.00731982,"Addtolist_toAct":0.02421171,"Set_toAct":0.00844595,"Addfriend_toAct":0.01238739,"Error_toAct":0.0,"Help_toAct":0.00281532,"Action_trend":8.39748695,"Nextsong_trend":8.87679147,"Nextsong_betweenHome":22.83076923}
{"label":0,"gender_num":0,"level_num":0,"Action_ph":0.11296521,"Session_ph":0.00245577,"Nextsong_ph":0.11296521,"Downgrade_ph":0.0,"Upgrade_ph":0.0,"ThumbDown_ph":0.00245577,"ThumbUp_ph":0.00368365,"Home_ph":0.00491153,"Adv_ph":0.0073673,"Addtolist_ph":0.0,"Set_ph":0.00122788,"Addfriend_ph":0.0,"Error_ph":0.0,"Help_ph":0.00122788,"Action_toSession":56.0,"Nextsong_toAct":0.82142857,"Downgrade_toAct":0.0,"Upgrade_toAct":0.0,"ThumbDown_toAct":0.01785714,"ThumbUp_toAct":0.02678571,"Home_toAct":0.03571429,"Adv_toAct":0.05357143,"Addtolist_toAct":0.0,"Set_toAct":0.00892857,"Addfriend_toAct":0.0,"Error_toAct":0.0,"Help_toAct":0.00892857,"Action_trend":0.80632156,"Nextsong_trend":0.80376397,"Nextsong_betweenHome":18.4}
