{"label":0,"gender_num":0,"level_num":1,"Action_ph":0.45801655,"Session_ph":0.00837325,"Nextsong_ph":0.45801655,"Downgrade_ph":0.00502395,"Upgrade_ph":0.00167465,"ThumbDown_ph":0.00251197,"ThumbUp_ph":0.02344509,"Home_ph":0.02260776,"Adv_ph":0.00921057,"Addtolist_ph":0.01004789,"Set_ph":8.3732E-4,"Addfriend_ph":0.01255987,"Error_ph":0.0,"Help_ph":0.00586127,"Action_toSession":67.2,"Nextsong_toAct":0.8139881,"Downgrade_toAct":0.00892857,"Upgrade_toAct":0.00297619,"ThumbDown_toAct":0.00446429,"ThumbUp_toAct":0.04166667,"Home_toAct":0.04017857,"Adv_toAct":0.01636905,"Addtolist_toAct":0.01785714,"Set_toAct":0.0014881,"Addfriend_toAct":0.02232143,"Error_toAct":0.0,"Help_toAct":0.01041667,"Action_trend":5.60788292,"Nextsong_trend":6.56733974,"Nextsong_betweenHome":21.88}
{"label":1,"gender_num":1,"level_num":1,"Action_ph":1.36307311,"Session_ph":0.01480754,"Nextsong_ph":1.36307311,"Downgrade_ph":0.0070141,"Upgrade_ph":0.00155869,"ThumbDown_ph":0.01324885,"ThumbUp_ph":0.11534295,"Home_ph":0.06078885,"Adv_ph":0.00467607,"Addtolist_ph":0.05377475,"Set_ph":0.01324885,"Addfriend_ph":0.02338033,"Error_ph":0.00233803,"Help_ph":0.00857279,"Action_toSession":114.10526316,"Nextsong_toAct":0.80673432,"Downgrade_toAct":0.00415129,"Upgrade_toAct":9.2251E-4,"ThumbDown_toAct":0.00784133,"ThumbUp_toAct":0.06826568,"Home_toAct":0.03597786,"Adv_toAct":0.00276753,"Addtolist_toAct":0.03182657,"Set_toAct":0.00784133,"Addfriend_toAct":0.01383764,"Error_toAct":0.00138376,"Help_toAct":0.0050738,"Action_trend":1.23992191,"Nextsong_trend":1.26942563,"Nextsong_betweenHome":23.32}
