{"label":1,"gender_num":0,"level_num":0,"Action_ph":0.21082156,"Session_ph":0.00458308,"Nextsong_ph":0.21082156,"Downgrade_ph":0.0,"Upgrade_ph":0.00183323,"ThumbDown_ph":0.00458308,"ThumbUp_ph":0.01008277,"Home_ph":0.01374923,"Adv_ph":0.02749846,"Addtolist_ph":0.00641631,"Set_ph":0.0,"Addfriend_ph":0.00641631,"Error_ph":0.00183323,"Help_ph":0.0,"Action_toSession":63.8,"Nextsong_toAct":0.72100313,"Downgrade_toAct":0.0,"Upgrade_toAct":0.00626959,"ThumbDown_toAct":0.01567398,"ThumbUp_toAct":0.03448276,"Home_toAct":0.04702194,"Adv_toAct":0.09404389,"Addtolist_toAct":0.02194357,"Set_toAct":0.0,"Addfriend_toAct":0.02194357,"Error_toAct":0.00626959,"Help_toAct":0.0,"Action_trend":1.85695337,"Nextsong_trend":1.98500221,"Nextsong_betweenHome":14.375}
{"label":1,"gender_num":0,"level_num":1,"Action_ph":2.91237857,"Session_ph":0.03270174,"Nextsong_ph":2.91237857,"Downgrade_ph":0.01731269,"Upgrade_ph":0.00480908,"ThumbDown_ph":0.02115995,"ThumbUp_ph":0.14811965,"Home_ph":0.11637972,"Adv_ph":0.02115995,"Addtolist_ph":0.08560162,"Set_ph":0.0182745,"Addfriend_ph":0.04520535,"Error_ph":0.0,"Help_ph":0.02693085,"Action_toSession":105.97058824,"Nextsong_toAct":0.84041077,"Downgrade_toAct":0.00499584,"Upgrade_toAct":0.00138773,"ThumbDown_toAct":0.00610602,"ThumbUp_toAct":0.04274216,"Home_toAct":0.03358313,"Adv_toAct":0.00610602,"Addtolist_toAct":0.02470164,"Set_toAct":0.00527338,"Addfriend_toAct":0.01304468,"Error_toAct":0.0,"Help_toAct":0.0077713,"Action_trend":0.68630971,"Nextsong_trend":0.68931481,"Nextsong_betweenHome":25.23333333}
{"label":0,"gender_num":1,"level_num":1,"Action_ph":0.919358,"Session_ph":0.00735486,"Nextsong_ph":0.919358,"Downgrade_ph":0.00735486,"Upgrade_ph":8.1721E-4,"ThumbDown_ph":0.00735486,"ThumbUp_ph":0.05883891,"Home_ph":0.04004315,"Adv_ph":0.00245162,"Addtolist_ph":0.02696783,"Set_ph":0.00245162,"Addfriend_ph":0.00980649,"Error_ph":0.00326883,"Help_ph":0.00572045,"Action_toSession":149.11111111,"Nextsong_toAct":0.83830104,"Downgrade_toAct":0.00670641,"Upgrade_toAct":7.4516E-4,"ThumbDown_toAct":0.00670641,"ThumbUp_toAct":0.05365127,"Home_toAct":0.03651267,"Adv_toAct":0.00223547,"Addtolist_toAct":0.02459016,"Set_toAct":0.00223547,"Addfriend_toAct":0.00894188,"Error_toAct":0.00298063,"Help_toAct":0.0052161,"Action_trend":0.88381607,"Nextsong_trend":0.89518278,"Nextsong_betweenHome":23.4375}
