{"label":0,"gender_num":0,"level_num":0,"Action_ph":11.03448276,"Session_ph":0.34482759,"Nextsong_ph":11.03448276,"Downgrade_ph":0.0,"Upgrade_ph":0.0,"ThumbDown_ph":0.0,"ThumbUp_ph":0.68965517,"Home_ph":1.03448276,"Adv_ph":0.34482759,"Addtolist_ph":1.03448276,"Set_ph":0.0,"Addfriend_ph":0.34482759,"Error_ph":0.0,"Help_ph":0.0,"Action_toSession":44.0,"Nextsong_toAct":0.72727273,"Downgrade_toAct":0.0,"Upgrade_toAct":0.0,"ThumbDown_toAct":0.0,"ThumbUp_toAct":0.04545455,"Home_toAct":0.06818182,"Adv_toAct":0.02272727,"Addtolist_toAct":0.06818182,"Set_toAct":0.0,"Addfriend_toAct":0.02272727,"Error_toAct":0.0,"Help_toAct":0.0,"Action_trend":0.99977278,"Nextsong_trend":0.9996876,"Nextsong_betweenHome":10.66666667}
