{"label":1,"gender_num":0,"level_num":1,"Action_ph":0.48654837,"Session_ph":0.01184296,"Nextsong_ph":0.48654837,"Downgrade_ph":0.00394765,"Upgrade_ph":0.00197383,"ThumbDown_ph":0.01579062,"ThumbUp_ph":0.02862049,"Home_ph":0.02664667,"Adv_ph":0.00888222,"Addtolist_ph":0.01085605,"Set_ph":0.00394765,"Addfriend_ph":0.00789531,"Error_ph":9.8691E-4,"Help_ph":0.00197383,"Action_toSession":51.66666667,"Nextsong_toAct":0.79516129,"Downgrade_toAct":0.00645161,"Upgrade_toAct":0.00322581,"ThumbDown_toAct":0.02580645,"ThumbUp_toAct":0.04677419,"Home_toAct":0.04354839,"Adv_toAct":0.01451613,"Addtolist_toAct":0.01774194,"Set_toAct":0.00645161,"Addfriend_toAct":0.01290323,"Error_toAct":0.0016129,"Help_toAct":0.00322581,"Action_trend":2.22207699,"Nextsong_trend":2.49535439,"Nextsong_betweenHome":18.25925926}
{"label":0,"gender_num":0,"level_num":1,"Action_ph":0.47993148,"Session_ph":0.00738356,"Nextsong_ph":0.47993148,"Downgrade_ph":0.00443014,"Upgrade_ph":7.3836E-4,"ThumbDown_ph":0.00590685,"ThumbUp_ph":0.02510411,"Home_ph":0.02658082,"Adv_ph":0.00664521,"Addtolist_ph":0.01476712,"Set_ph":0.00812192,"Addfriend_ph":0.01329041,"Error_ph":7.3836E-4,"Help_ph":0.00590685,"Action_toSession":81.8,"Nextsong_toAct":0.79462103,"Downgrade_toAct":0.00733496,"Upgrade_toAct":0.00122249,"ThumbDown_toAct":0.00977995,"ThumbUp_toAct":0.04156479,"Home_toAct":0.04400978,"Adv_toAct":0.01100244,"Addtolist_toAct":0.02444988,"Set_toAct":0.01344743,"Addfriend_toAct":0.02200489,"Error_toAct":0.00122249,"Help_toAct":0.00977995,"Action_trend":8.84738729,"Nextsong_trend":8.74801182,"Nextsong_betweenHome":19.11764706}
