{"label":0,"gender_num":1,"level_num":1,"Action_ph":1.26166697,"Session_ph":0.00726348,"Nextsong_ph":1.26166697,"Downgrade_ph":0.01525331,"Upgrade_ph":7.2635E-4,"ThumbDown_ph":0.01743236,"ThumbUp_ph":0.06682404,"Home_ph":0.0406755,"Adv_ph":0.00798983,"Addtolist_ph":0.03050663,"Set_ph":0.01016888,"Addfriend_ph":0.02832758,"Error_ph":0.00217904,"Help_ph":0.00653713,"Action_toSession":207.6,"Nextsong_toAct":0.8367052,"Downgrade_toAct":0.01011561,"Upgrade_toAct":4.817E-4,"ThumbDown_toAct":0.01156069,"ThumbUp_toAct":0.04431599,"Home_toAct":0.02697495,"Adv_toAct":0.00529865,"Addtolist_toAct":0.02023121,"Set_toAct":0.00674374,"Addfriend_toAct":0.01878613,"Error_toAct":0.00144509,"Help_toAct":0.00433526,"Action_trend":0.27468335,"Nextsong_trend":0.27999697,"Nextsong_betweenHome":32.16666667}
{"label":0,"gender_num":1,"level_num":1,"Action_ph":1.25249765,"Session_ph":0.01248825,"Nextsong_ph":1.25249765,"Downgrade_ph":0.00954984,"Upgrade_ph":0.00293841,"ThumbDown_ph":0.01469205,"ThumbUp_ph":0.06170663,"Home_ph":0.05729901,"Adv_ph":0.01101904,"Addtolist_ph":0.03893394,"Set_ph":0.00808063,"Addfriend_ph":0.02130348,"Error_ph":0.00146921,"Help_ph":0.00661142,"Action_toSession":120.52941176,"Nextsong_toAct":0.83211323,"Downgrade_toAct":0.00634456,"Upgrade_toAct":0.00195217,"ThumbDown_toAct":0.00976086,"ThumbUp_toAct":0.04099561,"Home_toAct":0.03806735,"Adv_toAct":0.00732064,"Addtolist_toAct":0.02586628,"Set_toAct":0.00536847,"Addfriend_toAct":0.01415325,"Error_toAct":9.7609E-4,"Help_toAct":0.00439239,"Action_trend":3.95029949,"Nextsong_trend":4.47029606,"Nextsong_betweenHome":23.04054054}
