{"label":1,"gender_num":0,"level_num":1,"Action_ph":4.72050016,"Session_ph":0.02626878,"Nextsong_ph":4.72050016,"Downgrade_ph":0.05779132,"Upgrade_ph":0.00262688,"ThumbDown_ph":0.04203005,"ThumbUp_ph":0.22591153,"Home_ph":0.19438899,"Adv_ph":0.02101503,"Addtolist_ph":0.16023957,"Set_ph":0.0236419,"Addfriend_ph":0.07617947,"Error_ph":0.00788063,"Help_ph":0.03152254,"Action_toSession":214.9,"Nextsong_toAct":0.83620289,"Downgrade_toAct":0.01023732,"Upgrade_toAct":4.6533E-4,"ThumbDown_toAct":0.00744532,"ThumbUp_toAct":0.04001861,"Home_toAct":0.03443462,"Adv_toAct":0.00372266,"Addtolist_toAct":0.0283853,"Set_toAct":0.00418799,"Addfriend_toAct":0.01349465,"Error_toAct":0.001396,"Help_toAct":0.00558399,"Action_trend":0.99500751,"Nextsong_trend":0.99820514,"Nextsong_betweenHome":24.95833333}
{"label":0,"gender_num":1,"level_num":1,"Action_ph":0.50633902,"Session_ph":0.01252152,"Nextsong_ph":0.50633902,"Downgrade_ph":0.00391298,"Upgrade_ph":0.00704336,"ThumbDown_ph":0.00704336,"ThumbUp_ph":0.0313038,"Home_ph":0.02895602,"Adv_ph":0.03052121,"Addtolist_ph":0.0156519,"Set_ph":0.00469557,"Addfriend_ph":0.00469557,"Error_ph":7.826E-4,"Help_ph":0.00234779,"Action_toSession":53.0,"Nextsong_toAct":0.7629717,"Downgrade_toAct":0.00589623,"Upgrade_toAct":0.01061321,"ThumbDown_toAct":0.01061321,"ThumbUp_toAct":0.04716981,"Home_toAct":0.04363208,"Adv_toAct":0.04599057,"Addtolist_toAct":0.02358491,"Set_toAct":0.00707547,"Addfriend_toAct":0.00707547,"Error_toAct":0.00117925,"Help_toAct":0.00353774,"Action_trend":2.27840869,"Nextsong_trend":2.58798157,"Nextsong_betweenHome":17.48648649}
