{"label":0,"gender_num":0,"level_num":1,"Action_ph":0.35899807,"Session_ph":0.00543936,"Nextsong_ph":0.35899807,"Downgrade_ph":0.00407952,"Upgrade_ph":0.00407952,"ThumbDown_ph":0.00543936,"ThumbUp_ph":0.01903778,"Home_ph":0.01631809,"Adv_ph":0.00815905,"Addtolist_ph":0.00679921,"Set_ph":0.0,"Addfriend_ph":0.01223857,"Error_ph":0.00135984,"Help_ph":0.00135984,"Action_toSession":82.25,"Nextsong_toAct":0.80243161,"Downgrade_toAct":0.00911854,"Upgrade_toAct":0.00911854,"ThumbDown_toAct":0.01215805,"ThumbUp_toAct":0.04255319,"Home_toAct":0.03647416,"Adv_toAct":0.01823708,"Addtolist_toAct":0.01519757,"Set_toAct":0.0,"Addfriend_toAct":0.02735562,"Error_toAct":0.00303951,"Help_toAct":0.00303951,"Action_trend":0.34834638,"Nextsong_trend":0.3333165,"Nextsong_betweenHome":22.0}
