{"label":0,"gender_num":1,"level_num":1,"Action_ph":1.32285802,"Session_ph":0.00967945,"Nextsong_ph":1.32285802,"Downgrade_ph":0.0193589,"Upgrade_ph":0.00322648,"ThumbDown_ph":0.00483972,"ThumbUp_ph":0.09356801,"Home_ph":0.04839724,"Adv_ph":0.01290593,"Addtolist_ph":0.0387178,"Set_ph":0.00806621,"Addfriend_ph":0.01774566,"Error_ph":0.00483972,"Help_ph":0.01451917,"Action_toSession":167.0,"Nextsong_toAct":0.81836327,"Downgrade_toAct":0.01197605,"Upgrade_toAct":0.00199601,"ThumbDown_toAct":0.00299401,"ThumbUp_toAct":0.05788423,"Home_toAct":0.02994012,"Adv_toAct":0.00798403,"Addtolist_toAct":0.0239521,"Set_toAct":0.00499002,"Addfriend_toAct":0.01097804,"Error_toAct":0.00299401,"Help_toAct":0.00898204,"Action_trend":0.90087425,"Nextsong_trend":0.92557304,"Nextsong_betweenHome":29.28571429}
