{"label":0,"gender_num":1,"level_num":1,"Action_ph":0.65017736,"Session_ph":0.00640569,"Nextsong_ph":0.65017736,"Downgrade_ph":0.00640569,"Upgrade_ph":0.0,"ThumbDown_ph":0.00320284,"ThumbUp_ph":0.03843413,"Home_ph":0.01761564,"Adv_ph":8.0071E-4,"Addtolist_ph":0.0216192,"Set_ph":0.00240213,"Addfriend_ph":0.01681493,"Error_ph":8.0071E-4,"Help_ph":0.00160142,"Action_toSession":119.625,"Nextsong_toAct":0.84848485,"Downgrade_toAct":0.00835946,"Upgrade_toAct":0.0,"ThumbDown_toAct":0.00417973,"ThumbUp_toAct":0.05015674,"Home_toAct":0.02298851,"Adv_toAct":0.00104493,"Addtolist_toAct":0.02821317,"Set_toAct":0.0031348,"Addfriend_toAct":0.02194357,"Error_toAct":0.00104493,"Help_toAct":0.00208986,"Action_trend":2.54374357,"Nextsong_trend":2.578495,"Nextsong_betweenHome":35.30434783}
