{"label":1,"gender_num":1,"level_num":1,"Action_ph":0.72961623,"Session_ph":0.01161193,"Nextsong_ph":0.72961623,"Downgrade_ph":0.00193532,"Upgrade_ph":0.00193532,"ThumbDown_ph":0.01354725,"ThumbUp_ph":0.0270945,"Home_ph":0.02902982,"Adv_ph":0.00193532,"Addtolist_ph":0.02128854,"Set_ph":0.00387064,"Addfriend_ph":0.02128854,"Error_ph":0.00193532,"Help_ph":0.00774129,"Action_toSession":76.16666667,"Nextsong_toAct":0.8249453,"Downgrade_toAct":0.00218818,"Upgrade_toAct":0.00218818,"ThumbDown_toAct":0.01531729,"ThumbUp_toAct":0.03063457,"Home_toAct":0.03282276,"Adv_toAct":0.00218818,"Addtolist_toAct":0.02407002,"Set_toAct":0.00437637,"Addfriend_toAct":0.02407002,"Error_toAct":0.00218818,"Help_toAct":0.00875274,"Action_trend":1.36320966,"Nextsong_trend":1.34476134,"Nextsong_betweenHome":25.13333333}
{"label":1,"gender_num":0,"level_num":1,"Action_ph":1.64935596,"Session_ph":0.05375997,"Nextsong_ph":1.64935596,"Downgrade_ph":0.0021504,"Upgrade_ph":0.01505279,"ThumbDown_ph":0.01075199,"ThumbUp_ph":0.06881276,"Home_ph":0.12042234,"Adv_ph":0.10751994,"Addtolist_ph":0.04085758,"Set_ph":0.01720319,"Addfriend_ph":0.05806077,"Error_ph":0.0,"Help_ph":0.01720319,"Action_toSession":40.12,"Nextsong_toAct":0.76470588,"Downgrade_toAct":9.9701E-4,"Upgrade_toAct":0.00697906,"ThumbDown_toAct":0.00498504,"ThumbUp_toAct":0.03190429,"Home_toAct":0.0558325,"Adv_toAct":0.04985045,"Addtolist_toAct":0.01894317,"Set_toAct":0.00797607,"Addfriend_toAct":0.02691924,"Error_toAct":0.0,"Help_toAct":0.00797607,"Action_trend":1.36375805,"Nextsong_trend":1.36587597,"Nextsong_betweenHome":14.47169811}
