{"label":0,"gender_num":0,"level_num":1,"Action_ph":0.53240394,"Session_ph":0.00712723,"Nextsong_ph":0.53240394,"Downgrade_ph":0.0,"Upgrade_ph":7.1272E-4,"ThumbDown_ph":0.01995624,"ThumbUp_ph":0.03064708,"Home_ph":0.02708347,"Adv_ph":0.03563614,"Addtolist_ph":0.01781807,"Set_ph":0.00356361,"Addfriend_ph":0.01425446,"Error_ph":0.0,"Help_ph":0.00356361,"Action_toSession":98.2,"Nextsong_toAct":0.76069246,"Downgrade_toAct":0.0,"Upgrade_toAct":0.00101833,"ThumbDown_toAct":0.02851324,"ThumbUp_toAct":0.04378819,"Home_toAct":0.03869654,"Adv_toAct":0.0509165,"Addtolist_toAct":0.02545825,"Set_toAct":0.00509165,"Addfriend_toAct":0.0203666,"Error_toAct":0.0,"Help_toAct":0.00509165,"Action_trend":2.56380443,"Nextsong_trend":2.90058673,"Nextsong_betweenHome":19.65789474}
