{"label":0,"gender_num":0,"level_num":0,"Action_ph":0.78476433,"Session_ph":0.01222374,"Nextsong_ph":0.78476433,"Downgrade_ph":0.00407458,"Upgrade_ph":8.1492E-4,"ThumbDown_ph":0.02607732,"ThumbUp_ph":0.03341157,"Home_ph":0.03259665,"Adv_ph":0.02689224,"Addtolist_ph":0.02200274,"Set_ph":0.00651933,"Addfriend_ph":0.01629832,"Error_ph":0.0,"Help_ph":0.00570441,"Action_toSession":79.86666667,"Nextsong_toAct":0.80383973,"Downgrade_toAct":0.00417362,"Upgrade_toAct":8.3472E-4,"ThumbDown_toAct":0.02671119,"ThumbUp_toAct":0.03422371,"Home_toAct":0.03338898,"Adv_toAct":0.02754591,"Addtolist_toAct":0.02253756,"Set_toAct":0.0066778,"Addfriend_toAct":0.01669449,"Error_toAct":0.0,"Help_toAct":0.00584307,"Action_trend":1.1676666,"Nextsong_trend":1.21418935,"Nextsong_betweenHome":25.34210526}
{"label":0,"gender_num":1,"level_num":1,"Action_ph":1.34120937,"Session_ph":0.01070114,"Nextsong_ph":1.34120937,"Downgrade_ph":0.0078475,"Upgrade_ph":0.00499386,"ThumbDown_ph":0.01212796,"ThumbUp_ph":0.06991411,"Home_ph":0.06063979,"Adv_ph":0.01926205,"Addtolist_ph":0.04351796,"Set_ph":0.0078475,"Addfriend_ph":0.02924978,"Error_ph":0.0,"Help_ph":0.00642068,"Action_toSession":151.93333333,"Nextsong_toAct":0.82492321,"Downgrade_toAct":0.00482668,"Upgrade_toAct":0.00307152,"ThumbDown_toAct":0.00745941,"ThumbUp_toAct":0.04300132,"Home_toAct":0.03729706,"Adv_toAct":0.0118473,"Addtolist_toAct":0.02676613,"Set_toAct":0.00482668,"Addfriend_toAct":0.01799035,"Error_toAct":0.0,"Help_toAct":0.0039491,"Action_trend":1.34020037,"Nextsong_trend":1.26171674,"Nextsong_betweenHome":22.92682927}
