{"label":0,"gender_num":1,"level_num":0,"Action_ph":0.22954828,"Session_ph":0.00373249,"Nextsong_ph":0.22954828,"Downgrade_ph":0.0,"Upgrade_ph":0.00373249,"ThumbDown_ph":0.00186625,"ThumbUp_ph":0.01306372,"Home_ph":0.01026435,"Adv_ph":0.01772934,"Addtolist_ph":0.00933123,"Set_ph":9.3312E-4,"Addfriend_ph":0.00186625,"Error_ph":0.0,"Help_ph":0.0,"Action_toSession":78.75,"Nextsong_toAct":0.78095238,"Downgrade_toAct":0.0,"Upgrade_toAct":0.01269841,"ThumbDown_toAct":0.00634921,"ThumbUp_toAct":0.04444444,"Home_toAct":0.03492063,"Adv_toAct":0.06031746,"Addtolist_toAct":0.03174603,"Set_toAct":0.0031746,"Addfriend_toAct":0.00634921,"Error_toAct":0.0,"Help_toAct":0.0,"Action_trend":0.44493372,"Nextsong_trend":0.42194093,"Nextsong_betweenHome":22.36363636}
{"label":0,"gender_num":0,"level_num":0,"Action_ph":0.12576039,"Session_ph":0.0035326,"Nextsong_ph":0.12576039,"Downgrade_ph":0.0,"Upgrade_ph":0.0,"ThumbDown_ph":0.00141304,"ThumbUp_ph":0.00989127,"Home_ph":0.00706519,"Adv_ph":0.01201082,"Addtolist_ph":0.00211956,"Set_ph":7.0652E-4,"Addfriend_ph":0.00494563,"Error_ph":0.0,"Help_ph":0.0,"Action_toSession":47.0,"Nextsong_toAct":0.75744681,"Downgrade_toAct":0.0,"Upgrade_toAct":0.0,"ThumbDown_toAct":0.00851064,"ThumbUp_toAct":0.05957447,"Home_toAct":0.04255319,"Adv_toAct":0.07234043,"Addtolist_toAct":0.01276596,"Set_toAct":0.00425532,"Addfriend_toAct":0.02978723,"Error_toAct":0.0,"Help_toAct":0.0,"Action_trend":0.54533061,"Nextsong_trend":0.58045792,"Nextsong_betweenHome":16.18181818}
