{"label":0,"gender_num":0,"level_num":1,"Action_ph":0.75992743,"Session_ph":0.00806289,"Nextsong_ph":0.75992743,"Downgrade_ph":0.0181415,"Upgrade_ph":0.00201572,"ThumbDown_ph":0.01007861,"ThumbUp_ph":0.03628301,"Home_ph":0.03628301,"Adv_ph":0.00201572,"Addtolist_ph":0.02620439,"Set_ph":0.0,"Addfriend_ph":0.01209434,"Error_ph":0.00201572,"Help_ph":0.00201572,"Action_toSession":114.25,"Nextsong_toAct":0.8249453,"Downgrade_toAct":0.01969365,"Upgrade_toAct":0.00218818,"ThumbDown_toAct":0.01094092,"ThumbUp_toAct":0.03938731,"Home_toAct":0.03938731,"Adv_toAct":0.00218818,"Addtolist_toAct":0.02844639,"Set_toAct":0.0,"Addfriend_toAct":0.0131291,"Error_toAct":0.00218818,"Help_toAct":0.00218818,"Action_trend":1.29583162,"Nextsong_trend":1.26451729,"Nextsong_betweenHome":20.94444444}
{"label":0,"gender_num":0,"level_num":0,"Action_ph":0.44864096,"Session_ph":0.01173369,"Nextsong_ph":0.44864096,"Downgrade_ph":0.0,"Upgrade_ph":0.00759239,"ThumbDown_ph":0.00621195,"ThumbUp_ph":0.02622824,"Home_ph":0.02070651,"Adv_ph":0.03865214,"Addtolist_ph":0.00897282,"Set_ph":0.00276087,"Addfriend_ph":0.00621195,"Error_ph":6.9022E-4,"Help_ph":0.0041413,"Action_toSession":49.23529412,"Nextsong_toAct":0.77658303,"Downgrade_toAct":0.0,"Upgrade_toAct":0.01314217,"ThumbDown_toAct":0.01075269,"ThumbUp_toAct":0.04540024,"Home_toAct":0.03584229,"Adv_toAct":0.06690562,"Addtolist_toAct":0.01553166,"Set_toAct":0.00477897,"Addfriend_toAct":0.01075269,"Error_toAct":0.00119474,"Help_toAct":0.00716846,"Action_trend":1.76795011,"Nextsong_trend":1.73191295,"Nextsong_betweenHome":22.4137931}
