{"label":0,"gender_num":0,"level_num":0,"Action_ph":0.99412562,"Session_ph":0.03012502,"Nextsong_ph":0.99412562,"Downgrade_ph":0.0,"Upgrade_ph":0.0,"ThumbDown_ph":0.01506251,"ThumbUp_ph":0.04518753,"Home_ph":0.01506251,"Adv_ph":0.12050008,"Addtolist_ph":0.0,"Set_ph":0.01506251,"Addfriend_ph":0.04518753,"Error_ph":0.0,"Help_ph":0.0,"Action_toSession":42.0,"Nextsong_toAct":0.78571429,"Downgrade_toAct":0.0,"Upgrade_toAct":0.0,"ThumbDown_toAct":0.01190476,"ThumbUp_toAct":0.03571429,"Home_toAct":0.01190476,"Adv_toAct":0.0952381,"Addtolist_toAct":0.0,"Set_toAct":0.01190476,"Addfriend_toAct":0.03571429,"Error_toAct":0.0,"Help_toAct":0.0,"Action_trend":0.99988097,"Nextsong_trend":0.99984851,"Nextsong_betweenHome":33.0}
