{"label":0,"gender_num":1,"level_num":1,"Action_ph":1.30893655,"Session_ph":0.01376303,"Nextsong_ph":1.30893655,"Downgrade_ph":0.01086555,"Upgrade_ph":0.00217311,"ThumbDown_ph":0.01521177,"ThumbUp_ph":0.07678322,"Home_ph":0.05577649,"Adv_ph":0.0144874,"Addtolist_ph":0.03911598,"Set_ph":0.00941681,"Addfriend_ph":0.01810925,"Error_ph":0.00217311,"Help_ph":0.01376303,"Action_toSession":115.52631579,"Nextsong_toAct":0.82323462,"Downgrade_toAct":0.00683371,"Upgrade_toAct":0.00136674,"ThumbDown_toAct":0.0095672,"ThumbUp_toAct":0.04829157,"Home_toAct":0.03507973,"Adv_toAct":0.00911162,"Addtolist_toAct":0.02460137,"Set_toAct":0.00592255,"Addfriend_toAct":0.01138952,"Error_toAct":0.00136674,"Help_toAct":0.00865604,"Action_trend":1.84960407,"Nextsong_trend":1.87843725,"Nextsong_betweenHome":24.75342466}
{"label":1,"gender_num":0,"level_num":0,"Action_ph":0.88745682,"Session_ph":0.0150185,"Nextsong_ph":0.88745682,"Downgrade_ph":0.01365318,"Upgrade_ph":0.00409595,"ThumbDown_ph":0.03276764,"ThumbUp_ph":0.05051677,"Home_ph":0.04369018,"Adv_ph":0.03686359,"Addtolist_ph":0.02457573,"Set_ph":0.01092255,"Addfriend_ph":0.01774914,"Error_ph":0.00136532,"Help_ph":0.00819191,"Action_toSession":77.09090909,"Nextsong_toAct":0.76650943,"Downgrade_toAct":0.01179245,"Upgrade_toAct":0.00353774,"ThumbDown_toAct":0.02830189,"ThumbUp_toAct":0.04363208,"Home_toAct":0.03773585,"Adv_toAct":0.03183962,"Addtolist_toAct":0.02122642,"Set_toAct":0.00943396,"Addfriend_toAct":0.01533019,"Error_toAct":0.00117925,"Help_toAct":0.00707547,"Action_trend":0.50353717,"Nextsong_trend":0.53663034,"Nextsong_betweenHome":19.6969697}
