{"label":0,"gender_num":0,"level_num":1,"Action_ph":0.11813168,"Session_ph":0.00230127,"Nextsong_ph":0.11813168,"Downgrade_ph":0.0,"Upgrade_ph":0.00306836,"ThumbDown_ph":7.6709E-4,"ThumbUp_ph":0.00613671,"Home_ph":0.00920507,"Adv_ph":0.00767089,"Addtolist_ph":0.00306836,"Set_ph":7.6709E-4,"Addfriend_ph":0.00613671,"Error_ph":0.0,"Help_ph":7.6709E-4,"Action_toSession":69.66666667,"Nextsong_toAct":0.73684211,"Downgrade_toAct":0.0,"Upgrade_toAct":0.01913876,"ThumbDown_toAct":0.00478469,"ThumbUp_toAct":0.03827751,"Home_toAct":0.05741627,"Adv_toAct":0.04784689,"Addtolist_toAct":0.01913876,"Set_toAct":0.00478469,"Addfriend_toAct":0.03827751,"Error_toAct":0.0,"Help_toAct":0.00478469,"Action_trend":2.94284097,"Nextsong_trend":2.75542551,"Nextsong_betweenHome":14.0}
{"label":0,"gender_num":1,"level_num":0,"Action_ph":15.26032316,"Session_ph":0.17953321,"Nextsong_ph":15.26032316,"Downgrade_ph":0.0,"Upgrade_ph":0.35906643,"ThumbDown_ph":0.17953321,"ThumbUp_ph":1.07719928,"Home_ph":0.89766607,"Adv_ph":1.79533214,"Addtolist_ph":0.53859964,"Set_ph":0.0,"Addfriend_ph":0.53859964,"Error_ph":0.17953321,"Help_ph":0.0,"Action_toSession":117.0,"Nextsong_toAct":0.72649573,"Downgrade_toAct":0.0,"Upgrade_toAct":0.01709402,"ThumbDown_toAct":0.00854701,"ThumbUp_toAct":0.05128205,"Home_toAct":0.04273504,"Adv_toAct":0.08547009,"Addtolist_toAct":0.02564103,"Set_toAct":0.0,"Addfriend_toAct":0.02564103,"Error_toAct":0.00854701,"Help_toAct":0.0,"Action_trend":0.99991454,"Nextsong_trend":0.99988237,"Nextsong_betweenHome":17.0}
{"label":0,"gender_num":1,"level_num":1,"Action_ph":1.67271866,"Session_ph":0.01603022,"Nextsong_ph":1.67271866,"Downgrade_ph":0.02160595,"Upgrade_ph":0.0020909,"ThumbDown_ph":0.01742415,"ThumbUp_ph":0.09409042,"Home_ph":0.05854515,"Adv_ph":0.01533325,"Addtolist_ph":0.05575729,"Set_ph":0.01184842,"Addfriend_ph":0.02996954,"Error_ph":6.9697E-4,"Help_ph":0.00906056,"Action_toSession":125.52173913,"Nextsong_toAct":0.83131278,"Downgrade_toAct":0.01073779,"Upgrade_toAct":0.00103914,"ThumbDown_toAct":0.00865951,"ThumbUp_toAct":0.04676134,"Home_toAct":0.02909595,"Adv_toAct":0.00762037,"Addtolist_toAct":0.02771043,"Set_toAct":0.00588847,"Addfriend_toAct":0.01489435,"Error_toAct":3.4638E-4,"Help_toAct":0.00450294,"Action_trend":4.45685715,"Nextsong_trend":4.70912763,"Nextsong_betweenHome":29.26829268}
