{"label":0,"gender_num":1,"level_num":0,"Action_ph":0.11561754,"Session_ph":0.0055056,"Nextsong_ph":0.11561754,"Downgrade_ph":0.0,"Upgrade_ph":0.0,"ThumbDown_ph":0.0,"ThumbUp_ph":0.0018352,"Home_ph":0.0073408,"Adv_ph":0.0055056,"Addtolist_ph":0.0073408,"Set_ph":0.0018352,"Addfriend_ph":0.0036704,"Error_ph":0.0,"Help_ph":0.0,"Action_toSession":26.33333333,"Nextsong_toAct":0.79746835,"Downgrade_toAct":0.0,"Upgrade_toAct":0.0,"ThumbDown_toAct":0.0,"ThumbUp_toAct":0.01265823,"Home_toAct":0.05063291,"Adv_toAct":0.03797468,"Addtolist_toAct":0.05063291,"Set_toAct":0.01265823,"Addfriend_toAct":0.02531646,"Error_toAct":0.0,"Help_toAct":0.0,"Action_trend":0.7832028,"Nextsong_trend":0.73985203,"Nextsong_betweenHome":15.75}
{"label":1,"gender_num":0,"level_num":1,"Action_ph":0.63416568,"Session_ph":0.02378121,"Nextsong_ph":0.63416568,"Downgrade_ph":0.01585414,"Upgrade_ph":0.00792707,"ThumbDown_ph":0.00792707,"ThumbUp_ph":0.0554895,"Home_ph":0.02378121,"Adv_ph":0.02378121,"Addtolist_ph":0.0554895,"Set_ph":0.0,"Addfriend_ph":0.0,"Error_ph":0.0,"Help_ph":0.0,"Action_toSession":36.0,"Nextsong_toAct":0.74074074,"Downgrade_toAct":0.01851852,"Upgrade_toAct":0.00925926,"ThumbDown_toAct":0.00925926,"ThumbUp_toAct":0.06481481,"Home_toAct":0.02777778,"Adv_toAct":0.02777778,"Addtolist_toAct":0.06481481,"Set_toAct":0.0,"Addfriend_toAct":0.0,"Error_toAct":0.0,"Help_toAct":0.0,"Action_trend":0.99990742,"Nextsong_trend":0.99987502,"Nextsong_betweenHome":20.0}
