{"label":0,"gender_num":1,"level_num":1,"Action_ph":0.27658091,"Session_ph":0.00342869,"Nextsong_ph":0.27658091,"Downgrade_ph":0.0011429,"Upgrade_ph":0.0,"ThumbDown_ph":0.0011429,"ThumbUp_ph":0.02057213,"Home_ph":0.00800027,"Adv_ph":0.0,"Addtolist_ph":0.01142896,"Set_ph":0.00228579,"Addfriend_ph":0.00914317,"Error_ph":0.00228579,"Help_ph":0.00228579,"Action_toSession":98.66666667,"Nextsong_toAct":0.81756757,"Downgrade_toAct":0.00337838,"Upgrade_toAct":0.0,"ThumbDown_toAct":0.00337838,"ThumbUp_toAct":0.06081081,"Home_toAct":0.02364865,"Adv_toAct":0.0,"Addtolist_toAct":0.03378378,"Set_toAct":0.00675676,"Addfriend_toAct":0.02702703,"Error_toAct":0.00675676,"Help_toAct":0.00675676,"Action_trend":1.20648052,"Nextsong_trend":1.31947221,"Nextsong_betweenHome":34.57142857}
{"label":0,"gender_num":1,"level_num":0,"Action_ph":13.61502347,"Session_ph":0.15649452,"Nextsong_ph":13.61502347,"Downgrade_ph":0.0,"Upgrade_ph":0.15649452,"ThumbDown_ph":0.46948357,"ThumbUp_ph":0.93896714,"Home_ph":0.31298905,"Adv_ph":0.78247261,"Addtolist_ph":0.15649452,"Set_ph":0.15649452,"Addfriend_ph":0.0,"Error_ph":0.0,"Help_ph":0.0,"Action_toSession":107.0,"Nextsong_toAct":0.81308411,"Downgrade_toAct":0.0,"Upgrade_toAct":0.00934579,"ThumbDown_toAct":0.02803738,"ThumbUp_toAct":0.05607477,"Home_toAct":0.01869159,"Adv_toAct":0.04672897,"Addtolist_toAct":0.00934579,"Set_toAct":0.00934579,"Addfriend_toAct":0.0,"Error_toAct":0.0,"Help_toAct":0.0,"Action_trend":0.99990655,"Nextsong_trend":0.99988507,"Nextsong_betweenHome":43.5}
