{"label":0,"gender_num":0,"level_num":1,"Action_ph":2.55296917,"Session_ph":0.02894683,"Nextsong_ph":2.55296917,"Downgrade_ph":0.02965285,"Upgrade_ph":0.00494214,"ThumbDown_ph":0.02682877,"ThumbUp_ph":0.13555589,"Home_ph":0.11084518,"Adv_ph":0.02329867,"Addtolist_ph":0.07625019,"Set_ph":0.01765051,"Addfriend_ph":0.04094917,"Error_ph":0.00141204,"Help_ph":0.01694449,"Action_toSession":106.58536585,"Nextsong_toAct":0.82745995,"Downgrade_toAct":0.00961098,"Upgrade_toAct":0.00160183,"ThumbDown_toAct":0.00869565,"ThumbUp_toAct":0.04393593,"Home_toAct":0.03592677,"Adv_toAct":0.00755149,"Addtolist_toAct":0.02471396,"Set_toAct":0.00572082,"Addfriend_toAct":0.01327231,"Error_toAct":4.5767E-4,"Help_toAct":0.00549199,"Action_trend":2.22380489,"Nextsong_trend":2.39995556,"Nextsong_betweenHome":24.43243243}
