{"label":0,"gender_num":0,"level_num":1,"Action_ph":0.30120482,"Session_ph":0.00910234,"Nextsong_ph":0.30120482,"Downgrade_ph":8.2749E-4,"Upgrade_ph":0.0,"ThumbDown_ph":0.00413743,"ThumbUp_ph":0.02068714,"Home_ph":0.01241229,"Adv_ph":0.0,"Addtolist_ph":0.00744737,"Set_ph":0.00330994,"Addfriend_ph":0.00910234,"Error_ph":0.0,"Help_ph":0.00248246,"Action_toSession":40.54545455,"Nextsong_toAct":0.8161435,"Downgrade_toAct":0.00224215,"Upgrade_toAct":0.0,"ThumbDown_toAct":0.01121076,"ThumbUp_toAct":0.05605381,"Home_toAct":0.03363229,"Adv_toAct":0.0,"Addtolist_toAct":0.02017937,"Set_toAct":0.00896861,"Addfriend_toAct":0.02466368,"Error_toAct":0.0,"Help_toAct":0.00672646,"Action_trend":0.38764812,"Nextsong_trend":0.38795694,"Nextsong_betweenHome":24.26666667}
