{"label":0,"gender_num":1,"level_num":1,"Action_ph":0.76233608,"Session_ph":0.00582492,"Nextsong_ph":0.76233608,"Downgrade_ph":0.00655303,"Upgrade_ph":0.00145623,"ThumbDown_ph":0.00291246,"ThumbUp_ph":0.03349328,"Home_ph":0.03931819,"Adv_ph":0.00436869,"Addtolist_ph":0.01674664,"Set_ph":0.00145623,"Addfriend_ph":0.00582492,"Error_ph":0.0,"Help_ph":0.00364057,"Action_toSession":153.625,"Nextsong_toAct":0.85191212,"Downgrade_toAct":0.00732303,"Upgrade_toAct":0.00162734,"ThumbDown_toAct":0.00325468,"ThumbUp_toAct":0.0374288,"Home_toAct":0.04393816,"Adv_toAct":0.00488202,"Addtolist_toAct":0.0187144,"Set_toAct":0.00162734,"Addfriend_toAct":0.00650936,"Error_toAct":0.0,"Help_toAct":0.00406835,"Action_trend":0.59998442,"Nextsong_trend":0.60305837,"Nextsong_betweenHome":20.94}
{"label":0,"gender_num":0,"level_num":1,"Action_ph":0.88514365,"Session_ph":0.00663526,"Nextsong_ph":0.88514365,"Downgrade_ph":0.0026541,"Upgrade_ph":0.0026541,"ThumbDown_ph":0.00796231,"ThumbUp_ph":0.03981156,"Home_ph":0.0358304,"Adv_ph":0.01725168,"Addtolist_ph":0.01592462,"Set_ph":0.01327052,"Addfriend_ph":0.01857873,"Error_ph":0.0,"Help_ph":0.00663526,"Action_toSession":160.2,"Nextsong_toAct":0.83270911,"Downgrade_toAct":0.00249688,"Upgrade_toAct":0.00249688,"ThumbDown_toAct":0.00749064,"ThumbUp_toAct":0.03745318,"Home_toAct":0.03370787,"Adv_toAct":0.01622971,"Addtolist_toAct":0.01498127,"Set_toAct":0.01248439,"Addfriend_toAct":0.01747815,"Error_toAct":0.0,"Help_toAct":0.0062422,"Action_trend":2.19565125,"Nextsong_trend":2.47500138,"Nextsong_betweenHome":23.82142857}
