{"label":0,"gender_num":0,"level_num":1,"Action_ph":0.28876994,"Session_ph":0.00721925,"Nextsong_ph":0.28876994,"Downgrade_ph":0.00309396,"Upgrade_ph":0.00103132,"ThumbDown_ph":0.00825057,"ThumbUp_ph":0.02784567,"Home_ph":0.01650114,"Adv_ph":0.0,"Addtolist_ph":0.01031321,"Set_ph":0.00206264,"Addfriend_ph":0.00309396,"Error_ph":0.00103132,"Help_ph":0.00412528,"Action_toSession":51.57142857,"Nextsong_toAct":0.77562327,"Downgrade_toAct":0.00831025,"Upgrade_toAct":0.00277008,"ThumbDown_toAct":0.02216066,"ThumbUp_toAct":0.07479224,"Home_toAct":0.04432133,"Adv_toAct":0.0,"Addtolist_toAct":0.02770083,"Set_toAct":0.00554017,"Addfriend_toAct":0.00831025,"Error_toAct":0.00277008,"Help_toAct":0.01108033,"Action_trend":0.25656207,"Nextsong_trend":0.28316078,"Nextsong_betweenHome":17.5}
