{"label":0,"gender_num":1,"level_num":1,"Action_ph":1.50865131,"Session_ph":0.01562633,"Nextsong_ph":1.50865131,"Downgrade_ph":0.01491604,"Upgrade_ph":0.00142058,"ThumbDown_ph":0.01065432,"ThumbUp_ph":0.07813166,"Home_ph":0.06108475,"Adv_ph":0.00923374,"Addtolist_ph":0.046879,"Set_ph":0.00852345,"Addfriend_ph":0.04261727,"Error_ph":0.00142058,"Help_ph":0.01349547,"Action_toSession":116.68181818,"Nextsong_toAct":0.82742501,"Downgrade_toAct":0.00818076,"Upgrade_toAct":7.7912E-4,"ThumbDown_toAct":0.0058434,"ThumbUp_toAct":0.04285158,"Home_toAct":0.03350214,"Adv_toAct":0.00506428,"Addtolist_toAct":0.02571095,"Set_toAct":0.00467472,"Addfriend_toAct":0.02337359,"Error_toAct":7.7912E-4,"Help_toAct":0.00740164,"Action_trend":9.25911346,"Nextsong_trend":9.93711988,"Nextsong_betweenHome":24.98823529}
