{"label":0,"gender_num":1,"level_num":0,"Action_ph":0.65646817,"Session_ph":0.00510208,"Nextsong_ph":0.65646817,"Downgrade_ph":0.00850347,"Upgrade_ph":0.00340139,"ThumbDown_ph":0.00510208,"ThumbUp_ph":0.03146285,"Home_ph":0.02040834,"Adv_ph":0.01700695,"Addtolist_ph":0.02551042,"Set_ph":0.00255104,"Addfriend_ph":0.01445591,"Error_ph":0.0,"Help_ph":0.00510208,"Action_toSession":156.66666667,"Nextsong_toAct":0.8212766,"Downgrade_toAct":0.0106383,"Upgrade_toAct":0.00425532,"ThumbDown_toAct":0.00638298,"ThumbUp_toAct":0.0393617,"Home_toAct":0.02553191,"Adv_toAct":0.0212766,"Addtolist_toAct":0.03191489,"Set_toAct":0.00319149,"Addfriend_toAct":0.01808511,"Error_toAct":0.0,"Help_toAct":0.00638298,"Action_trend":2.08189895,"Nextsong_trend":2.12542002,"Nextsong_betweenHome":33.56521739}
{"label":0,"gender_num":0,"level_num":0,"Action_ph":0.1954618,"Session_ph":0.00870869,"Nextsong_ph":0.1954618,"Downgrade_ph":0.0,"Upgrade_ph":0.0,"ThumbDown_ph":0.00193527,"ThumbUp_ph":0.00967633,"Home_ph":0.01064396,"Adv_ph":0.01451449,"Addtolist_ph":0.0029029,"Set_ph":0.0029029,"Addfriend_ph":0.0,"Error_ph":0.0,"Help_ph":9.6763E-4,"Action_toSession":27.88888889,"Nextsong_toAct":0.80478088,"Downgrade_toAct":0.0,"Upgrade_toAct":0.0,"ThumbDown_toAct":0.00796813,"ThumbUp_toAct":0.03984064,"Home_toAct":0.0438247,"Adv_toAct":0.05976096,"Addtolist_toAct":0.01195219,"Set_toAct":0.01195219,"Addfriend_toAct":0.0,"Error_toAct":0.0,"Help_toAct":0.00398406,"Action_trend":0.75815844,"Nextsong_trend":0.81678637,"Nextsong_betweenHome":18.36363636}
{"label":0,"gender_num":1,"level_num":1,"Action_ph":0.3869376,"Session_ph":0.00842834,"Nextsong_ph":0.3869376,"Downgrade_ph":0.00153243,"Upgrade_ph":0.00153243,"ThumbDown_ph":0.00383107,"ThumbUp_ph":0.02068775,"Home_ph":0.01838911,"Adv_ph":0.00766213,"Addtolist_ph":0.00842834,"Set_ph":0.00229864,"Addfriend_ph":0.00919456,"Error_ph":0.0,"Help_ph":7.6621E-4,"Action_toSession":55.81818182,"Nextsong_toAct":0.82247557,"Downgrade_toAct":0.00325733,"Upgrade_toAct":0.00325733,"ThumbDown_toAct":0.00814332,"ThumbUp_toAct":0.04397394,"Home_toAct":0.03908795,"Adv_toAct":0.01628664,"Addtolist_toAct":0.01791531,"Set_toAct":0.00488599,"Addfriend_toAct":0.01954397,"Error_toAct":0.0,"Help_toAct":0.00162866,"Action_trend":4.9432648,"Nextsong_trend":5.73757883,"Nextsong_betweenHome":22.95454545}
