{"label":0,"gender_num":0,"level_num":0,"Action_ph":0.19178751,"Session_ph":0.00542795,"Nextsong_ph":0.19178751,"Downgrade_ph":0.0,"Upgrade_ph":9.0466E-4,"ThumbDown_ph":0.00180932,"ThumbUp_ph":0.01176056,"Home_ph":0.0108559,"Adv_ph":0.01356987,"Addtolist_ph":0.00361863,"Set_ph":0.0,"Addfriend_ph":0.00271397,"Error_ph":9.0466E-4,"Help_ph":0.00180932,"Action_toSession":45.33333333,"Nextsong_toAct":0.77941176,"Downgrade_toAct":0.0,"Upgrade_toAct":0.00367647,"ThumbDown_toAct":0.00735294,"ThumbUp_toAct":0.04779412,"Home_toAct":0.04411765,"Adv_toAct":0.05514706,"Addtolist_toAct":0.01470588,"Set_toAct":0.0,"Addfriend_toAct":0.01102941,"Error_toAct":0.00367647,"Help_toAct":0.00735294,"Action_trend":0.31873008,"Nextsong_trend":0.3064269,"Nextsong_betweenHome":17.66666667}
