{"label":0,"gender_num":1,"level_num":1,"Action_ph":1.23113157,"Session_ph":0.0137642,"Nextsong_ph":1.23113157,"Downgrade_ph":0.00611742,"Upgrade_ph":0.00229403,"ThumbDown_ph":0.00841146,"ThumbUp_ph":0.10705492,"Home_ph":0.04205729,"Adv_ph":0.00305871,"Addtolist_ph":0.04358665,"Set_ph":0.00764678,"Addfriend_ph":0.02141098,"Error_ph":7.6468E-4,"Help_ph":0.01223485,"Action_toSession":108.94444444,"Nextsong_toAct":0.82100969,"Downgrade_toAct":0.00407955,"Upgrade_toAct":0.00152983,"ThumbDown_toAct":0.00560938,"ThumbUp_toAct":0.07139215,"Home_toAct":0.02804691,"Adv_toAct":0.00203978,"Addtolist_toAct":0.0290668,"Set_toAct":0.00509944,"Addfriend_toAct":0.01427843,"Error_toAct":5.0994E-4,"Help_toAct":0.0081591,"Action_trend":3.07518514,"Nextsong_trend":3.26966827,"Nextsong_betweenHome":28.75}
