{"label":0,"gender_num":1,"level_num":0,"Action_ph":0.39828927,"Session_ph":0.01543187,"Nextsong_ph":0.39828927,"Downgrade_ph":0.0,"Upgrade_ph":0.0014697,"ThumbDown_ph":0.01396217,"ThumbUp_ph":0.01543187,"Home_ph":0.02865919,"Adv_ph":0.04996987,"Addtolist_ph":0.01249247,"Set_ph":0.0014697,"Addfriend_ph":0.00587881,"Error_ph":0.0014697,"Help_ph":7.3485E-4,"Action_toSession":35.23809524,"Nextsong_toAct":0.73243243,"Downgrade_toAct":0.0,"Upgrade_toAct":0.0027027,"ThumbDown_toAct":0.02567568,"ThumbUp_toAct":0.02837838,"Home_toAct":0.0527027,"Adv_toAct":0.09189189,"Addtolist_toAct":0.02297297,"Set_toAct":0.0027027,"Addfriend_toAct":0.01081081,"Error_toAct":0.0027027,"Help_toAct":0.00135135,"Action_trend":0.66776283,"Nextsong_trend":0.61330608,"Nextsong_betweenHome":14.64864865}
