{"label":0,"gender_num":0,"level_num":1,"Action_ph":1.85146251,"Session_ph":0.02628052,"Nextsong_ph":1.85146251,"Downgrade_ph":0.01051221,"Upgrade_ph":0.00262805,"ThumbDown_ph":0.01576831,"ThumbUp_ph":0.1064361,"Home_ph":0.06964337,"Adv_ph":0.01839636,"Addtolist_ph":0.05650311,"Set_ph":0.01182623,"Addfriend_ph":0.03153662,"Error_ph":0.00262805,"Help_ph":0.01182623,"Action_toSession":84.1,"Nextsong_toAct":0.83769322,"Downgrade_toAct":0.00475624,"Upgrade_toAct":0.00118906,"ThumbDown_toAct":0.00713436,"ThumbUp_toAct":0.04815696,"Home_toAct":0.03151011,"Adv_toAct":0.00832342,"Addtolist_toAct":0.0255648,"Set_toAct":0.00535077,"Addfriend_toAct":0.01426873,"Error_toAct":0.00118906,"Help_toAct":0.00535077,"Action_trend":5.21867099,"Nextsong_trend":5.56371736,"Nextsong_betweenHome":27.09615385}
