{"label":0,"gender_num":1,"level_num":1,"Action_ph":0.08885122,"Session_ph":0.00410083,"Nextsong_ph":0.08885122,"Downgrade_ph":0.0,"Upgrade_ph":0.0,"ThumbDown_ph":0.0,"ThumbUp_ph":0.00273388,"Home_ph":0.00546777,"Adv_ph":0.0,"Addtolist_ph":0.0,"Set_ph":0.0,"Addfriend_ph":0.00136694,"Error_ph":0.00136694,"Help_ph":0.00273388,"Action_toSession":25.33333333,"Nextsong_toAct":0.85526316,"Downgrade_toAct":0.0,"Upgrade_toAct":0.0,"ThumbDown_toAct":0.0,"ThumbUp_toAct":0.02631579,"Home_toAct":0.05263158,"Adv_toAct":0.0,"Addtolist_toAct":0.0,"Set_toAct":0.0,"Addfriend_toAct":0.01315789,"Error_toAct":0.01315789,"Help_toAct":0.02631579,"Action_trend":74.25742574,"Nextsong_trend":0.0,"Nextsong_betweenHome":16.25}
