{"label":0,"gender_num":1,"level_num":0,"Action_ph":0.5627365,"Session_ph":0.01049043,"Nextsong_ph":0.5627365,"Downgrade_ph":0.00374658,"Upgrade_ph":0.00374658,"ThumbDown_ph":0.01873291,"ThumbUp_ph":0.0277247,"Home_ph":0.02997265,"Adv_ph":0.04046308,"Addtolist_ph":0.01198906,"Set_ph":0.00374658,"Addfriend_ph":0.01049043,"Error_ph":0.0,"Help_ph":0.00149863,"Action_toSession":69.78571429,"Nextsong_toAct":0.76867963,"Downgrade_toAct":0.00511771,"Upgrade_toAct":0.00511771,"ThumbDown_toAct":0.02558854,"ThumbUp_toAct":0.03787103,"Home_toAct":0.04094166,"Adv_toAct":0.05527124,"Addtolist_toAct":0.01637666,"Set_toAct":0.00511771,"Addfriend_toAct":0.01432958,"Error_toAct":0.0,"Help_toAct":0.00204708,"Action_trend":3.13671805,"Nextsong_trend":3.27973762,"Nextsong_betweenHome":20.2972973}
