{"label":0,"gender_num":1,"level_num":1,"Action_ph":0.52200966,"Session_ph":0.00523505,"Nextsong_ph":0.52200966,"Downgrade_ph":0.00448719,"Upgrade_ph":7.4786E-4,"ThumbDown_ph":0.00448719,"ThumbUp_ph":0.0254274,"Home_ph":0.01794876,"Adv_ph":0.00224359,"Addtolist_ph":0.01570516,"Set_ph":7.4786E-4,"Addfriend_ph":0.01720089,"Error_ph":0.00149573,"Help_ph":0.00224359,"Action_toSession":118.57142857,"Nextsong_toAct":0.84096386,"Downgrade_toAct":0.00722892,"Upgrade_toAct":0.00120482,"ThumbDown_toAct":0.00722892,"ThumbUp_toAct":0.04096386,"Home_toAct":0.02891566,"Adv_toAct":0.00361446,"Addtolist_toAct":0.0253012,"Set_toAct":0.00120482,"Addfriend_toAct":0.02771084,"Error_toAct":0.00240964,"Help_toAct":0.00361446,"Action_trend":6.03958376,"Nextsong_trend":6.62983425,"Nextsong_betweenHome":29.08333333}
