{"label":0,"gender_num":0,"level_num":0,"Action_ph":0.16815844,"Session_ph":0.00687921,"Nextsong_ph":0.16815844,"Downgrade_ph":0.0,"Upgrade_ph":7.6436E-4,"ThumbDown_ph":0.00152871,"ThumbUp_ph":0.00611485,"Home_ph":0.01375842,"Adv_ph":0.01605149,"Addtolist_ph":0.00305743,"Set_ph":7.6436E-4,"Addfriend_ph":0.0053505,"Error_ph":0.0,"Help_ph":7.6436E-4,"Action_toSession":32.33333333,"Nextsong_toAct":0.75601375,"Downgrade_toAct":0.0,"Upgrade_toAct":0.00343643,"ThumbDown_toAct":0.00687285,"ThumbUp_toAct":0.02749141,"Home_toAct":0.06185567,"Adv_toAct":0.07216495,"Addtolist_toAct":0.0137457,"Set_toAct":0.00343643,"Addfriend_toAct":0.02405498,"Error_toAct":0.0,"Help_toAct":0.00343643,"Action_trend":0.36361094,"Nextsong_trend":0.37611228,"Nextsong_betweenHome":13.75}
{"label":0,"gender_num":0,"level_num":0,"Action_ph":1.17199072,"Session_ph":0.01372862,"Nextsong_ph":1.17199072,"Downgrade_ph":0.00722559,"Upgrade_ph":0.00433535,"ThumbDown_ph":0.00794815,"ThumbUp_ph":0.0563596,"Home_ph":0.05419193,"Adv_ph":0.03540539,"Addtolist_ph":0.03612795,"Set_ph":0.00650303,"Addfriend_ph":0.01878653,"Error_ph":0.00144512,"Help_ph":0.00722559,"Action_toSession":104.0,"Nextsong_toAct":0.8208502,"Downgrade_toAct":0.00506073,"Upgrade_toAct":0.00303644,"ThumbDown_toAct":0.0055668,"ThumbUp_toAct":0.03947368,"Home_toAct":0.03795547,"Adv_toAct":0.02479757,"Addtolist_toAct":0.02530364,"Set_toAct":0.00455466,"Addfriend_toAct":0.01315789,"Error_toAct":0.00101215,"Help_toAct":0.00506073,"Action_trend":0.70047632,"Nextsong_trend":0.73427361,"Nextsong_betweenHome":23.17142857}
