{"label":1,"gender_num":0,"level_num":1,"Action_ph":3.18134499,"Session_ph":0.02082032,"Nextsong_ph":3.18134499,"Downgrade_ph":0.04164064,"Upgrade_ph":0.00416406,"ThumbDown_ph":0.02498438,"ThumbUp_ph":0.18738289,"Home_ph":0.14574224,"Adv_ph":0.00832813,"Addtolist_ph":0.04996877,"Set_ph":0.02914845,"Addfriend_ph":0.05413283,"Error_ph":0.00832813,"Help_ph":0.00832813,"Action_toSession":183.6,"Nextsong_toAct":0.83224401,"Downgrade_toAct":0.01089325,"Upgrade_toAct":0.00108932,"ThumbDown_toAct":0.00653595,"ThumbUp_toAct":0.04901961,"Home_toAct":0.03812636,"Adv_toAct":0.00217865,"Addtolist_toAct":0.0130719,"Set_toAct":0.00762527,"Addfriend_toAct":0.01416122,"Error_toAct":0.00217865,"Help_toAct":0.00217865,"Action_trend":0.99998911,"Nextsong_trend":0.99998691,"Nextsong_betweenHome":22.47058824}
