{"label":1,"gender_num":0,"level_num":1,"Action_ph":1.49226943,"Session_ph":0.01880294,"Nextsong_ph":1.49226943,"Downgrade_ph":0.01111083,"Upgrade_ph":0.00427339,"ThumbDown_ph":0.01367486,"ThumbUp_ph":0.05897285,"Home_ph":0.05384477,"Adv_ph":0.02136697,"Addtolist_ph":0.03931523,"Set_ph":0.01196551,"Addfriend_ph":0.02136697,"Error_ph":0.00170936,"Help_ph":0.00940147,"Action_toSession":93.81818182,"Nextsong_toAct":0.84593023,"Downgrade_toAct":0.00629845,"Upgrade_toAct":0.00242248,"ThumbDown_toAct":0.00775194,"ThumbUp_toAct":0.03343023,"Home_toAct":0.03052326,"Adv_toAct":0.0121124,"Addtolist_toAct":0.02228682,"Set_toAct":0.00678295,"Addfriend_toAct":0.0121124,"Error_toAct":9.6899E-4,"Help_toAct":0.00532946,"Action_trend":7.45359462,"Nextsong_trend":8.39786482,"Nextsong_betweenHome":28.16129032}
