{"label":0,"gender_num":1,"level_num":1,"Action_ph":0.14747812,"Session_ph":0.00302519,"Nextsong_ph":0.14747812,"Downgrade_ph":0.0015126,"Upgrade_ph":0.0,"ThumbDown_ph":0.0,"ThumbUp_ph":0.00378149,"Home_ph":0.00453779,"Adv_ph":0.00226889,"Addtolist_ph":0.00378149,"Set_ph":0.0,"Addfriend_ph":7.563E-4,"Error_ph":0.0,"Help_ph":0.0,"Action_toSession":54.5,"Nextsong_toAct":0.89449541,"Downgrade_toAct":0.00917431,"Upgrade_toAct":0.0,"ThumbDown_toAct":0.0,"ThumbUp_toAct":0.02293578,"Home_toAct":0.02752294,"Adv_toAct":0.01376147,"Addtolist_toAct":0.02293578,"Set_toAct":0.0,"Addfriend_toAct":0.00458716,"Error_toAct":0.0,"Help_toAct":0.0,"Action_trend":0.1996008,"Nextsong_trend":0.33222591,"Nextsong_betweenHome":39.0}
{"label":0,"gender_num":0,"level_num":0,"Action_ph":0.77829474,"Session_ph":0.01631157,"Nextsong_ph":0.77829474,"Downgrade_ph":0.00699067,"Upgrade_ph":0.00310697,"ThumbDown_ph":0.00699067,"ThumbUp_ph":0.0357301,"Home_ph":0.03339987,"Adv_ph":0.0621393,"Addtolist_ph":0.02407898,"Set_ph":0.00699067,"Addfriend_ph":0.01786505,"Error_ph":0.0,"Help_ph":0.00543719,"Action_toSession":61.33333333,"Nextsong_toAct":0.77795031,"Downgrade_toAct":0.00698758,"Upgrade_toAct":0.00310559,"ThumbDown_toAct":0.00698758,"ThumbUp_toAct":0.03571429,"Home_toAct":0.03338509,"Adv_toAct":0.0621118,"Addtolist_toAct":0.02406832,"Set_toAct":0.00698758,"Addfriend_toAct":0.01785714,"Error_toAct":0.0,"Help_toAct":0.00543478,"Action_trend":1.94339423,"Nextsong_trend":2.21200949,"Nextsong_betweenHome":23.30232558}
{"label":0,"gender_num":1,"level_num":0,"Action_ph":0.26978549,"Session_ph":0.00882132,"Nextsong_ph":0.26978549,"Downgrade_ph":0.0,"Upgrade_ph":0.00294044,"ThumbDown_ph":0.00294044,"ThumbUp_ph":0.00808621,"Home_ph":0.01690754,"Adv_ph":0.01617243,"Addtolist_ph":0.00955643,"Set_ph":0.00441066,"Addfriend_ph":0.00661599,"Error_ph":0.0,"Help_ph":0.00294044,"Action_toSession":39.5,"Nextsong_toAct":0.7742616,"Downgrade_toAct":0.0,"Upgrade_toAct":0.00843882,"ThumbDown_toAct":0.00843882,"ThumbUp_toAct":0.02320675,"Home_toAct":0.04852321,"Adv_toAct":0.0464135,"Addtolist_toAct":0.02742616,"Set_toAct":0.01265823,"Addfriend_toAct":0.01898734,"Error_toAct":0.0,"Help_toAct":0.00843882,"Action_trend":2.27735605,"Nextsong_trend":2.38038562,"Nextsong_betweenHome":15.95652174}
