{"label":1,"gender_num":0,"level_num":1,"Action_ph":2.05590009,"Session_ph":0.03681364,"Nextsong_ph":2.05590009,"Downgrade_ph":0.01132727,"Upgrade_ph":0.00849545,"ThumbDown_ph":0.02265455,"ThumbUp_ph":0.07929091,"Home_ph":0.11044091,"Adv_ph":0.07929091,"Addtolist_ph":0.05663637,"Set_ph":0.03115,"Addfriend_ph":0.05663637,"Error_ph":0.0,"Help_ph":0.00849545,"Action_toSession":70.46153846,"Nextsong_toAct":0.79257642,"Downgrade_toAct":0.00436681,"Upgrade_toAct":0.00327511,"ThumbDown_toAct":0.00873362,"ThumbUp_toAct":0.03056769,"Home_toAct":0.04257642,"Adv_toAct":0.03056769,"Addtolist_toAct":0.02183406,"Set_toAct":0.01200873,"Addfriend_toAct":0.02183406,"Error_toAct":0.0,"Help_toAct":0.00327511,"Action_trend":1.18394365,"Nextsong_trend":1.21252606,"Nextsong_betweenHome":22.0}
{"label":0,"gender_num":0,"level_num":1,"Action_ph":1.40731833,"Session_ph":0.01511768,"Nextsong_ph":1.40731833,"Downgrade_ph":0.01443051,"Upgrade_ph":0.00274867,"ThumbDown_ph":0.01786635,"ThumbUp_ph":0.06528088,"Home_ph":0.05497337,"Adv_ph":0.00274867,"Addtolist_ph":0.04054286,"Set_ph":0.00687167,"Addfriend_ph":0.03160969,"Error_ph":0.00274867,"Help_ph":0.00824601,"Action_toSession":111.0,"Nextsong_toAct":0.83865684,"Downgrade_toAct":0.00859951,"Upgrade_toAct":0.001638,"ThumbDown_toAct":0.01064701,"ThumbUp_toAct":0.03890254,"Home_toAct":0.03276003,"Adv_toAct":0.001638,"Addtolist_toAct":0.02416052,"Set_toAct":0.004095,"Addfriend_toAct":0.01883702,"Error_toAct":0.001638,"Help_toAct":0.004914,"Action_trend":16.7252094,"Nextsong_trend":17.16094635,"Nextsong_betweenHome":27.30666667}
