{"label":0,"gender_num":0,"level_num":1,"Action_ph":0.5972238,"Session_ph":0.01708678,"Nextsong_ph":0.5972238,"Downgrade_ph":0.00813656,"Upgrade_ph":0.00406828,"ThumbDown_ph":0.00569559,"ThumbUp_ph":0.03986916,"Home_ph":0.03986916,"Adv_ph":0.01545947,"Addtolist_ph":0.01627313,"Set_ph":0.00732291,"Addfriend_ph":0.01708678,"Error_ph":8.1366E-4,"Help_ph":0.00732291,"Action_toSession":45.47619048,"Nextsong_toAct":0.76858639,"Downgrade_toAct":0.0104712,"Upgrade_toAct":0.0052356,"ThumbDown_toAct":0.00732984,"ThumbUp_toAct":0.0513089,"Home_toAct":0.0513089,"Adv_toAct":0.01989529,"Addtolist_toAct":0.02094241,"Set_toAct":0.00942408,"Addfriend_toAct":0.02198953,"Error_toAct":0.00104712,"Help_toAct":0.00942408,"Action_trend":1.05640902,"Nextsong_trend":1.14038537,"Nextsong_betweenHome":16.68181818}
