{"label":0,"gender_num":0,"level_num":1,"Action_ph":1.75571616,"Session_ph":0.02295508,"Nextsong_ph":1.75571616,"Downgrade_ph":0.01530339,"Upgrade_ph":0.00139122,"ThumbDown_ph":0.01182535,"ThumbUp_ph":0.13425246,"Home_ph":0.07164769,"Adv_ph":0.00417365,"Addtolist_ph":0.04451895,"Set_ph":0.01112974,"Addfriend_ph":0.03269361,"Error_ph":0.00278243,"Help_ph":0.0083473,"Action_toSession":92.45454545,"Nextsong_toAct":0.82726975,"Downgrade_toAct":0.00721075,"Upgrade_toAct":6.5552E-4,"ThumbDown_toAct":0.00557194,"ThumbUp_toAct":0.06325795,"Home_toAct":0.03375942,"Adv_toAct":0.00196657,"Addtolist_toAct":0.02097673,"Set_toAct":0.00524418,"Addfriend_toAct":0.01540479,"Error_toAct":0.00131105,"Help_toAct":0.00393314,"Action_trend":1.07216422,"Nextsong_trend":1.06621653,"Nextsong_betweenHome":25.24}
{"label":0,"gender_num":1,"level_num":0,"Action_ph":0.17652128,"Session_ph":0.00625469,"Nextsong_ph":0.17652128,"Downgrade_ph":0.0,"Upgrade_ph":6.9497E-4,"ThumbDown_ph":0.0020849,"ThumbUp_ph":0.00764462,"Home_ph":0.01111945,"Adv_ph":0.01111945,"Addtolist_ph":0.00625469,"Set_ph":0.00138993,"Addfriend_ph":0.00138993,"Error_ph":0.0,"Help_ph":6.9497E-4,"Action_toSession":36.0,"Nextsong_toAct":0.78395062,"Downgrade_toAct":0.0,"Upgrade_toAct":0.00308642,"ThumbDown_toAct":0.00925926,"ThumbUp_toAct":0.03395062,"Home_toAct":0.04938272,"Adv_toAct":0.04938272,"Addtolist_toAct":0.02777778,"Set_toAct":0.00617284,"Addfriend_toAct":0.00617284,"Error_toAct":0.0,"Help_toAct":0.00308642,"Action_trend":0.27658103,"Nextsong_trend":0.28474935,"Nextsong_betweenHome":16.93333333}
