{"label":0,"gender_num":0,"level_num":1,"Action_ph":0.26816094,"Session_ph":0.00480575,"Nextsong_ph":0.26816094,"Downgrade_ph":0.0019223,"Upgrade_ph":0.00288345,"ThumbDown_ph":0.00288345,"ThumbUp_ph":0.02210646,"Home_ph":0.01633956,"Adv_ph":0.0134561,"Addtolist_ph":0.00672805,"Set_ph":0.0019223,"Addfriend_ph":0.01633956,"Error_ph":0.0,"Help_ph":0.00288345,"Action_toSession":75.8,"Nextsong_toAct":0.73614776,"Downgrade_toAct":0.00527704,"Upgrade_toAct":0.00791557,"ThumbDown_toAct":0.00791557,"ThumbUp_toAct":0.06068602,"Home_toAct":0.04485488,"Adv_toAct":0.03693931,"Addtolist_toAct":0.01846966,"Set_toAct":0.00527704,"Addfriend_toAct":0.04485488,"Error_toAct":0.0,"Help_toAct":0.00791557,"Action_trend":9.7875885,"Nextsong_trend":10.52322163,"Nextsong_betweenHome":18.6}
