{"label":0,"gender_num":0,"level_num":0,"Action_ph":0.38724856,"Session_ph":0.00584526,"Nextsong_ph":0.38724856,"Downgrade_ph":0.00438395,"Upgrade_ph":0.0,"ThumbDown_ph":0.00365329,"ThumbUp_ph":0.01826644,"Home_ph":0.01534381,"Adv_ph":0.01169052,"Addtolist_ph":0.00438395,"Set_ph":7.3066E-4,"Addfriend_ph":0.00949855,"Error_ph":7.3066E-4,"Help_ph":0.00219197,"Action_toSession":79.75,"Nextsong_toAct":0.830721,"Downgrade_toAct":0.00940439,"Upgrade_toAct":0.0,"ThumbDown_toAct":0.00783699,"ThumbUp_toAct":0.03918495,"Home_toAct":0.03291536,"Adv_toAct":0.02507837,"Addtolist_toAct":0.00940439,"Set_toAct":0.0015674,"Addfriend_toAct":0.02037618,"Error_toAct":0.0015674,"Help_toAct":0.00470219,"Action_trend":1.2645819,"Nextsong_trend":1.14929318,"Nextsong_betweenHome":26.5}
