{"label":1,"gender_num":0,"level_num":0,"Action_ph":0.35429176,"Session_ph":0.01150298,"Nextsong_ph":0.35429176,"Downgrade_ph":0.0,"Upgrade_ph":0.00920238,"ThumbDown_ph":0.00690179,"ThumbUp_ph":0.01610417,"Home_ph":0.03450894,"Adv_ph":0.04141073,"Addtolist_ph":0.00690179,"Set_ph":0.00460119,"Addfriend_ph":0.00690179,"Error_ph":0.0,"Help_ph":0.00460119,"Action_toSession":43.2,"Nextsong_toAct":0.71296296,"Downgrade_toAct":0.0,"Upgrade_toAct":0.01851852,"ThumbDown_toAct":0.01388889,"ThumbUp_toAct":0.03240741,"Home_toAct":0.06944444,"Adv_toAct":0.08333333,"Addtolist_toAct":0.01388889,"Set_toAct":0.00925926,"Addfriend_toAct":0.01388889,"Error_toAct":0.0,"Help_toAct":0.00925926,"Action_trend":1.41367124,"Nextsong_trend":1.35698131,"Nextsong_betweenHome":11.84615385}
