{"label":0,"gender_num":0,"level_num":1,"Action_ph":15.16483516,"Session_ph":0.10989011,"Nextsong_ph":15.16483516,"Downgrade_ph":0.0,"Upgrade_ph":0.0,"ThumbDown_ph":0.10989011,"ThumbUp_ph":0.43956044,"Home_ph":0.76923077,"Adv_ph":0.0,"Addtolist_ph":0.21978022,"Set_ph":0.43956044,"Addfriend_ph":0.32967033,"Error_ph":0.0,"Help_ph":0.10989011,"Action_toSession":163.0,"Nextsong_toAct":0.84662577,"Downgrade_toAct":0.0,"Upgrade_toAct":0.0,"ThumbDown_toAct":0.00613497,"ThumbUp_toAct":0.02453988,"Home_toAct":0.04294479,"Adv_toAct":0.0,"Addtolist_toAct":0.01226994,"Set_toAct":0.02453988,"Addfriend_toAct":0.01840491,"Error_toAct":0.0,"Help_toAct":0.00613497,"Action_trend":0.99993865,"Nextsong_trend":0.99992754,"Nextsong_betweenHome":19.71428571}
{"label":1,"gender_num":0,"level_num":0,"Action_ph":0.29052745,"Session_ph":0.01238683,"Nextsong_ph":0.29052745,"Downgrade_ph":0.0,"Upgrade_ph":0.0,"ThumbDown_ph":0.01126075,"ThumbUp_ph":0.01126075,"Home_ph":0.02026936,"Adv_ph":0.02477366,"Addtolist_ph":0.01463898,"Set_ph":0.0045043,"Addfriend_ph":0.00225215,"Error_ph":0.00112608,"Help_ph":0.00112608,"Action_toSession":31.72727273,"Nextsong_toAct":0.73925501,"Downgrade_toAct":0.0,"Upgrade_toAct":0.0,"ThumbDown_toAct":0.0286533,"ThumbUp_toAct":0.0286533,"Home_toAct":0.05157593,"Adv_toAct":0.06303725,"Addtolist_toAct":0.03724928,"Set_toAct":0.01146132,"Addfriend_toAct":0.00573066,"Error_toAct":0.00286533,"Help_toAct":0.00286533,"Action_trend":0.22884434,"Nextsong_trend":0.23127678,"Nextsong_betweenHome":18.42857143}
