{"label":0,"gender_num":0,"level_num":1,"Action_ph":1.28389925,"Session_ph":0.01263095,"Nextsong_ph":1.28389925,"Downgrade_ph":0.01040196,"Upgrade_ph":7.43E-4,"ThumbDown_ph":0.01337395,"ThumbUp_ph":0.06464076,"Home_ph":0.05795379,"Adv_ph":0.00817297,"Addtolist_ph":0.03937885,"Set_ph":0.00817297,"Addfriend_ph":0.02080392,"Error_ph":0.00148599,"Help_ph":0.00445798,"Action_toSession":121.58823529,"Nextsong_toAct":0.83599419,"Downgrade_toAct":0.0067731,"Upgrade_toAct":4.8379E-4,"ThumbDown_toAct":0.00870827,"ThumbUp_toAct":0.04208999,"Home_toAct":0.03773585,"Adv_toAct":0.00532172,"Addtolist_toAct":0.02564103,"Set_toAct":0.00532172,"Addfriend_toAct":0.0135462,"Error_toAct":9.6759E-4,"Help_toAct":0.00290276,"Action_trend":2.42689812,"Nextsong_trend":2.59497905,"Nextsong_betweenHome":23.35135135}
{"label":1,"gender_num":0,"level_num":1,"Action_ph":0.89954052,"Session_ph":0.01725737,"Nextsong_ph":0.89954052,"Downgrade_ph":0.00862869,"Upgrade_ph":0.01078586,"ThumbDown_ph":0.02804323,"ThumbUp_ph":0.04098626,"Home_ph":0.0453006,"Adv_ph":0.05824363,"Addtolist_ph":0.03235757,"Set_ph":0.01078586,"Addfriend_ph":0.01941454,"Error_ph":0.00215717,"Help_ph":0.00862869,"Action_toSession":69.0,"Nextsong_toAct":0.75543478,"Downgrade_toAct":0.00724638,"Upgrade_toAct":0.00905797,"ThumbDown_toAct":0.02355072,"ThumbUp_toAct":0.03442029,"Home_toAct":0.03804348,"Adv_toAct":0.04891304,"Addtolist_toAct":0.02717391,"Set_toAct":0.00905797,"Addfriend_toAct":0.01630435,"Error_toAct":0.00181159,"Help_toAct":0.00724638,"Action_trend":2.06995837,"Nextsong_trend":2.20317565,"Nextsong_betweenHome":18.95454545}
{"label":0,"gender_num":1,"level_num":1,"Action_ph":1.22367513,"Session_ph":0.00746143,"Nextsong_ph":1.22367513,"Downgrade_ph":0.00932679,"Upgrade_ph":0.00186536,"ThumbDown_ph":0.01119215,"ThumbUp_ph":0.05223004,"Home_ph":0.03544181,"Adv_ph":0.03544181,"Addtolist_ph":0.03917253,"Set_ph":0.00186536,"Addfriend_ph":0.02798038,"Error_ph":0.0,"Help_ph":0.00746143,"Action_toSession":195.5,"Nextsong_toAct":0.83887468,"Downgrade_toAct":0.00639386,"Upgrade_toAct":0.00127877,"ThumbDown_toAct":0.00767263,"ThumbUp_toAct":0.03580563,"Home_toAct":0.02429668,"Adv_toAct":0.02429668,"Addtolist_toAct":0.02685422,"Set_toAct":0.00127877,"Addfriend_toAct":0.01918159,"Error_toAct":0.0,"Help_toAct":0.00511509,"Action_trend":10.67004925,"Nextsong_trend":11.86041953,"Nextsong_betweenHome":34.52631579}
{"label":0,"gender_num":1,"level_num":1,"Action_ph":1.52394133,"Session_ph":0.00965538,"Nextsong_ph":1.52394133,"Downgrade_ph":0.01850615,"Upgrade_ph":0.0,"ThumbDown_ph":0.00804615,"ThumbUp_ph":0.06115076,"Home_ph":0.05149538,"Adv_ph":8.0462E-4,"Addtolist_ph":0.04908153,"Set_ph":0.00724154,"Addfriend_ph":0.02896615,"Error_ph":8.0462E-4,"Help_ph":0.01528769,"Action_toSession":185.0,"Nextsong_toAct":0.85315315,"Downgrade_toAct":0.01036036,"Upgrade_toAct":0.0,"ThumbDown_toAct":0.0045045,"ThumbUp_toAct":0.03423423,"Home_toAct":0.02882883,"Adv_toAct":4.5045E-4,"Addtolist_toAct":0.02747748,"Set_toAct":0.00405405,"Addfriend_toAct":0.01621622,"Error_toAct":4.5045E-4,"Help_toAct":0.00855856,"Action_trend":5.14725971,"Nextsong_trend":5.29570423,"Nextsong_betweenHome":30.06349206}
