{"label":0,"gender_num":1,"level_num":1,"Action_ph":0.68867704,"Session_ph":0.01535267,"Nextsong_ph":0.68867704,"Downgrade_ph":0.0073108,"Upgrade_ph":0.00584864,"ThumbDown_ph":0.00804188,"ThumbUp_ph":0.02558779,"Home_ph":0.04825126,"Adv_ph":0.06287285,"Addtolist_ph":0.01681483,"Set_ph":0.00804188,"Addfriend_ph":0.01389051,"Error_ph":0.00146216,"Help_ph":0.00438648,"Action_toSession":59.28571429,"Nextsong_toAct":0.75662651,"Downgrade_toAct":0.00803213,"Upgrade_toAct":0.0064257,"ThumbDown_toAct":0.00883534,"ThumbUp_toAct":0.02811245,"Home_toAct":0.05301205,"Adv_toAct":0.06907631,"Addtolist_toAct":0.0184739,"Set_toAct":0.00883534,"Addfriend_toAct":0.01526104,"Error_toAct":0.00160643,"Help_toAct":0.00481928,"Action_trend":2.17611559,"Nextsong_trend":2.32724243,"Nextsong_betweenHome":16.24137931}
{"label":0,"gender_num":1,"level_num":1,"Action_ph":1.39972807,"Session_ph":0.02043399,"Nextsong_ph":1.39972807,"Downgrade_ph":0.01886214,"Upgrade_ph":0.00235777,"ThumbDown_ph":0.01336068,"ThumbUp_ph":0.06601749,"Home_ph":0.06444565,"Adv_ph":0.01807622,"Addtolist_ph":0.03379467,"Set_ph":0.0070733,"Addfriend_ph":0.01807622,"Error_ph":7.8592E-4,"Help_ph":0.01178884,"Action_toSession":82.0,"Nextsong_toAct":0.83536585,"Downgrade_toAct":0.01125704,"Upgrade_toAct":0.00140713,"ThumbDown_toAct":0.00797373,"ThumbUp_toAct":0.03939962,"Home_toAct":0.03846154,"Adv_toAct":0.01078799,"Addtolist_toAct":0.02016886,"Set_toAct":0.00422139,"Addfriend_toAct":0.01078799,"Error_toAct":4.6904E-4,"Help_toAct":0.00703565,"Action_trend":1.46149162,"Nextsong_trend":1.54244767,"Nextsong_betweenHome":23.12987013}
{"label":0,"gender_num":0,"level_num":1,"Action_ph":1.5057565,"Session_ph":0.01648638,"Nextsong_ph":1.5057565,"Downgrade_ph":0.01923412,"Upgrade_ph":9.1591E-4,"ThumbDown_ph":0.00824319,"ThumbUp_ph":0.07693646,"Home_ph":0.06045008,"Adv_ph":0.00274773,"Addtolist_ph":0.0531228,"Set_ph":0.00549546,"Addfriend_ph":0.02472958,"Error_ph":0.00183182,"Help_ph":0.00641137,"Action_toSession":108.33333333,"Nextsong_toAct":0.84307692,"Downgrade_toAct":0.01076923,"Upgrade_toAct":5.1282E-4,"ThumbDown_toAct":0.00461538,"ThumbUp_toAct":0.04307692,"Home_toAct":0.03384615,"Adv_toAct":0.00153846,"Addtolist_toAct":0.02974359,"Set_toAct":0.00307692,"Addfriend_toAct":0.01384615,"Error_toAct":0.00102564,"Help_toAct":0.00358974,"Action_trend":2.04780736,"Nextsong_trend":2.1014738,"Nextsong_betweenHome":25.29230769}
{"label":0,"gender_num":1,"level_num":0,"Action_ph":0.02719659,"Session_ph":0.00187563,"Nextsong_ph":0.02719659,"Downgrade_ph":0.0,"Upgrade_ph":9.3781E-4,"ThumbDown_ph":0.0,"ThumbUp_ph":0.00187563,"Home_ph":0.00281344,"Adv_ph":0.00375125,"Addtolist_ph":0.0,"Set_ph":0.0,"Addfriend_ph":0.0065647,"Error_ph":0.0,"Help_ph":0.0,"Action_toSession":24.0,"Nextsong_toAct":0.60416667,"Downgrade_toAct":0.0,"Upgrade_toAct":0.02083333,"ThumbDown_toAct":0.0,"ThumbUp_toAct":0.04166667,"Home_toAct":0.0625,"Adv_toAct":0.08333333,"Addtolist_toAct":0.0,"Set_toAct":0.0,"Addfriend_toAct":0.14583333,"Error_toAct":0.0,"Help_toAct":0.0,"Action_trend":4.32852386,"Nextsong_trend":3.82695507,"Nextsong_betweenHome":7.25}
{"label":0,"gender_num":0,"level_num":0,"Action_ph":0.03286639,"Session_ph":0.0044414,"Nextsong_ph":0.03286639,"Downgrade_ph":0.0,"Upgrade_ph":0.0,"ThumbDown_ph":0.0,"ThumbUp_ph":0.0,"Home_ph":0.00177656,"Adv_ph":0.00266484,"Addtolist_ph":0.0,"Set_ph":0.0,"Addfriend_ph":0.0,"Error_ph":0.0,"Help_ph":0.00177656,"Action_toSession":9.0,"Nextsong_toAct":0.82222222,"Downgrade_toAct":0.0,"Upgrade_toAct":0.0,"ThumbDown_toAct":0.0,"ThumbUp_toAct":0.0,"Home_toAct":0.04444444,"Adv_toAct":0.06666667,"Addtolist_toAct":0.0,"Set_toAct":0.0,"Addfriend_toAct":0.0,"Error_toAct":0.0,"Help_toAct":0.04444444,"Action_trend":24.75247525,"Nextsong_trend":0.0,"Nextsong_betweenHome":12.33333333}
