{"label":0,"gender_num":1,"level_num":0,"Action_ph":0.741024,"Session_ph":0.01240208,"Nextsong_ph":0.741024,"Downgrade_ph":0.01240208,"Upgrade_ph":0.00310052,"ThumbDown_ph":0.00516753,"ThumbUp_ph":0.02377064,"Home_ph":0.03513921,"Adv_ph":0.00723454,"Addtolist_ph":0.0165361,"Set_ph":0.00620104,"Addfriend_ph":0.01240208,"Error_ph":0.0,"Help_ph":0.01033506,"Action_toSession":71.75,"Nextsong_toAct":0.83275261,"Downgrade_toAct":0.01393728,"Upgrade_toAct":0.00348432,"ThumbDown_toAct":0.0058072,"ThumbUp_toAct":0.02671312,"Home_toAct":0.03948897,"Adv_toAct":0.00813008,"Addtolist_toAct":0.01858304,"Set_toAct":0.00696864,"Addfriend_toAct":0.01393728,"Error_toAct":0.0,"Help_toAct":0.0116144,"Action_trend":1.18896258,"Nextsong_trend":1.2184362,"Nextsong_betweenHome":21.72727273}
{"label":0,"gender_num":0,"level_num":0,"Action_ph":0.2204942,"Session_ph":0.01175969,"Nextsong_ph":0.2204942,"Downgrade_ph":0.0,"Upgrade_ph":0.00146996,"ThumbDown_ph":0.00146996,"ThumbUp_ph":0.00734981,"Home_ph":0.00881977,"Adv_ph":0.02057946,"Addtolist_ph":0.01175969,"Set_ph":0.00146996,"Addfriend_ph":0.00734981,"Error_ph":0.0,"Help_ph":0.00146996,"Action_toSession":24.5,"Nextsong_toAct":0.76530612,"Downgrade_toAct":0.0,"Upgrade_toAct":0.00510204,"ThumbDown_toAct":0.00510204,"ThumbUp_toAct":0.0255102,"Home_toAct":0.03061224,"Adv_toAct":0.07142857,"Addtolist_toAct":0.04081633,"Set_toAct":0.00510204,"Addfriend_toAct":0.0255102,"Error_toAct":0.0,"Help_toAct":0.00510204,"Action_trend":0.90282497,"Nextsong_trend":0.9229586,"Nextsong_betweenHome":21.42857143}
