{"label":0,"gender_num":1,"level_num":0,"Action_ph":0.33725133,"Session_ph":0.00853801,"Nextsong_ph":0.33725133,"Downgrade_ph":0.0,"Upgrade_ph":0.004269,"ThumbDown_ph":0.00996101,"ThumbUp_ph":0.01992202,"Home_ph":0.01992202,"Adv_ph":0.02419102,"Addtolist_ph":0.00711501,"Set_ph":0.001423,"Addfriend_ph":0.01138401,"Error_ph":0.001423,"Help_ph":0.001423,"Action_toSession":52.83333333,"Nextsong_toAct":0.74763407,"Downgrade_toAct":0.0,"Upgrade_toAct":0.00946372,"ThumbDown_toAct":0.02208202,"ThumbUp_toAct":0.04416404,"Home_toAct":0.04416404,"Adv_toAct":0.05362776,"Addtolist_toAct":0.01577287,"Set_toAct":0.00315457,"Addfriend_toAct":0.02523659,"Error_toAct":0.00315457,"Help_toAct":0.00315457,"Action_trend":0.00743467,"Nextsong_trend":0.00502487,"Nextsong_betweenHome":15.8}
{"label":0,"gender_num":0,"level_num":0,"Action_ph":0.08226037,"Session_ph":0.00536481,"Nextsong_ph":0.08226037,"Downgrade_ph":0.0,"Upgrade_ph":0.0,"ThumbDown_ph":0.0,"ThumbUp_ph":0.00715308,"Home_ph":0.01251788,"Adv_ph":0.00178827,"Addtolist_ph":0.00178827,"Set_ph":0.0,"Addfriend_ph":0.00894134,"Error_ph":0.0,"Help_ph":0.00178827,"Action_toSession":22.66666667,"Nextsong_toAct":0.67647059,"Downgrade_toAct":0.0,"Upgrade_toAct":0.0,"ThumbDown_toAct":0.0,"ThumbUp_toAct":0.05882353,"Home_toAct":0.10294118,"Adv_toAct":0.01470588,"Addtolist_toAct":0.01470588,"Set_toAct":0.0,"Addfriend_toAct":0.07352941,"Error_toAct":0.0,"Help_toAct":0.01470588,"Action_trend":21.59468439,"Nextsong_trend":44.55445545,"Nextsong_betweenHome":7.66666667}
