{"label":0,"gender_num":0,"level_num":1,"Action_ph":1.97684486,"Session_ph":0.00689597,"Nextsong_ph":1.97684486,"Downgrade_ph":0.01685682,"Upgrade_ph":7.6622E-4,"ThumbDown_ph":0.01838925,"ThumbUp_ph":0.09501115,"Home_ph":0.0689597,"Adv_ph":0.00383109,"Addtolist_ph":0.04903801,"Set_ph":0.00919463,"Addfriend_ph":0.0321812,"Error_ph":0.00229866,"Help_ph":0.00689597,"Action_toSession":334.88888889,"Nextsong_toAct":0.85600531,"Downgrade_toAct":0.00729927,"Upgrade_toAct":3.3179E-4,"ThumbDown_toAct":0.00796284,"ThumbUp_toAct":0.04114134,"Home_toAct":0.02986065,"Adv_toAct":0.00165893,"Addtolist_toAct":0.02123424,"Set_toAct":0.00398142,"Addfriend_toAct":0.01393497,"Error_toAct":9.9536E-4,"Help_toAct":0.00298607,"Action_trend":13.98231551,"Nextsong_trend":14.34511435,"Nextsong_betweenHome":28.98876404}
{"label":0,"gender_num":1,"level_num":0,"Action_ph":0.12031513,"Session_ph":0.00494446,"Nextsong_ph":0.12031513,"Downgrade_ph":0.0,"Upgrade_ph":8.2408E-4,"ThumbDown_ph":8.2408E-4,"ThumbUp_ph":0.0032963,"Home_ph":0.00988891,"Adv_ph":0.00988891,"Addtolist_ph":0.00247223,"Set_ph":0.00164815,"Addfriend_ph":8.2408E-4,"Error_ph":0.0,"Help_ph":0.0,"Action_toSession":31.16666667,"Nextsong_toAct":0.78074866,"Downgrade_toAct":0.0,"Upgrade_toAct":0.00534759,"ThumbDown_toAct":0.00534759,"ThumbUp_toAct":0.02139037,"Home_toAct":0.06417112,"Adv_toAct":0.06417112,"Addtolist_toAct":0.01604278,"Set_toAct":0.01069519,"Addfriend_toAct":0.00534759,"Error_toAct":0.0,"Help_toAct":0.0,"Action_trend":1.4994233,"Nextsong_trend":1.61827701,"Nextsong_betweenHome":13.27272727}
