{"label":1,"gender_num":0,"level_num":1,"Action_ph":3.47790839,"Session_ph":0.04864208,"Nextsong_ph":3.47790839,"Downgrade_ph":0.02432104,"Upgrade_ph":0.0,"ThumbDown_ph":0.00810701,"ThumbUp_ph":0.16214025,"Home_ph":0.15403324,"Adv_ph":0.0,"Addtolist_ph":0.11349818,"Set_ph":0.04053506,"Addfriend_ph":0.08107013,"Error_ph":0.0,"Help_ph":0.00810701,"Action_toSession":85.5,"Nextsong_toAct":0.83625731,"Downgrade_toAct":0.00584795,"Upgrade_toAct":0.0,"ThumbDown_toAct":0.00194932,"ThumbUp_toAct":0.03898635,"Home_toAct":0.03703704,"Adv_toAct":0.0,"Addtolist_toAct":0.02729045,"Set_toAct":0.00974659,"Addfriend_toAct":0.01949318,"Error_toAct":0.0,"Help_toAct":0.00194932,"Action_trend":0.99998051,"Nextsong_trend":0.99997669,"Nextsong_betweenHome":23.83333333}
