{"label":0,"gender_num":1,"level_num":0,"Action_ph":4.09748499,"Session_ph":0.05927396,"Nextsong_ph":4.09748499,"Downgrade_ph":0.04686778,"Upgrade_ph":0.00344616,"ThumbDown_ph":0.04962471,"ThumbUp_ph":0.20125578,"Home_ph":0.18333575,"Adv_ph":0.05858473,"Addtolist_ph":0.12475101,"Set_ph":0.03584007,"Addfriend_ph":0.07581553,"Error_ph":0.0020677,"Help_ph":0.02756929,"Action_toSession":84.06976744,"Nextsong_toAct":0.82226833,"Downgrade_toAct":0.00940526,"Upgrade_toAct":6.9156E-4,"ThumbDown_toAct":0.00995851,"ThumbUp_toAct":0.04038728,"Home_toAct":0.03679115,"Adv_toAct":0.01175657,"Addtolist_toAct":0.02503458,"Set_toAct":0.00719225,"Addfriend_toAct":0.01521438,"Error_toAct":4.1494E-4,"Help_toAct":0.0055325,"Action_trend":1.17355794,"Nextsong_trend":1.15206617,"Nextsong_betweenHome":23.40551181}
