{"label":1,"gender_num":1,"level_num":0,"Action_ph":0.30626478,"Session_ph":0.01819395,"Nextsong_ph":0.30626478,"Downgrade_ph":0.0,"Upgrade_ph":0.00303232,"ThumbDown_ph":0.0,"ThumbUp_ph":0.01516162,"Home_ph":0.03638789,"Adv_ph":0.04548487,"Addtolist_ph":0.00606465,"Set_ph":0.00909697,"Addfriend_ph":0.01819395,"Error_ph":0.0,"Help_ph":0.00303232,"Action_toSession":24.83333333,"Nextsong_toAct":0.67785235,"Downgrade_toAct":0.0,"Upgrade_toAct":0.00671141,"ThumbDown_toAct":0.0,"ThumbUp_toAct":0.03355705,"Home_toAct":0.08053691,"Adv_toAct":0.10067114,"Addtolist_toAct":0.01342282,"Set_toAct":0.02013423,"Addfriend_toAct":0.04026846,"Error_toAct":0.0,"Help_toAct":0.00671141,"Action_trend":0.99993289,"Nextsong_trend":0.999901,"Nextsong_betweenHome":9.18181818}
