{"label":0,"gender_num":1,"level_num":0,"Action_ph":0.20538922,"Session_ph":0.00572799,"Nextsong_ph":0.20538922,"Downgrade_ph":0.0,"Upgrade_ph":0.00245485,"ThumbDown_ph":0.00245485,"ThumbUp_ph":0.01309254,"Home_ph":0.01718396,"Adv_ph":0.01472911,"Addtolist_ph":0.0049097,"Set_ph":0.0,"Addfriend_ph":0.00409142,"Error_ph":0.00163657,"Help_ph":0.0,"Action_toSession":47.71428571,"Nextsong_toAct":0.75149701,"Downgrade_toAct":0.0,"Upgrade_toAct":0.00898204,"ThumbDown_toAct":0.00898204,"ThumbUp_toAct":0.04790419,"Home_toAct":0.06287425,"Adv_toAct":0.05389222,"Addtolist_toAct":0.01796407,"Set_toAct":0.0,"Addfriend_toAct":0.01497006,"Error_toAct":0.00598802,"Help_toAct":0.0,"Action_trend":0.15383919,"Nextsong_trend":0.15059334,"Nextsong_betweenHome":13.21052632}
