{"label":0,"gender_num":0,"level_num":1,"Action_ph":0.50190364,"Session_ph":0.00547247,"Nextsong_ph":0.50190364,"Downgrade_ph":0.00234534,"Upgrade_ph":0.00156356,"ThumbDown_ph":0.00547247,"ThumbUp_ph":0.04065263,"Home_ph":0.02188988,"Adv_ph":0.00312713,"Addtolist_ph":0.01094494,"Set_ph":0.00390891,"Addfriend_ph":0.0125085,"Error_ph":0.0,"Help_ph":0.00547247,"Action_toSession":112.28571429,"Nextsong_toAct":0.81679389,"Downgrade_toAct":0.00381679,"Upgrade_toAct":0.00254453,"ThumbDown_toAct":0.00890585,"ThumbUp_toAct":0.06615776,"Home_toAct":0.03562341,"Adv_toAct":0.00508906,"Addtolist_toAct":0.0178117,"Set_toAct":0.00636132,"Addfriend_toAct":0.02035623,"Error_toAct":0.0,"Help_toAct":0.00890585,"Action_trend":8.11928978,"Nextsong_trend":8.92815624,"Nextsong_betweenHome":22.13793103}
