{"label":0,"gender_num":0,"level_num":1,"Action_ph":1.49911316,"Session_ph":0.01631784,"Nextsong_ph":1.49911316,"Downgrade_ph":0.01418943,"Upgrade_ph":0.00212841,"ThumbDown_ph":0.01206101,"ThumbUp_ph":0.07875133,"Home_ph":0.05675772,"Adv_ph":0.00567577,"Addtolist_ph":0.04824406,"Set_ph":0.01631784,"Addfriend_ph":0.03760199,"Error_ph":0.0,"Help_ph":0.00922313,"Action_toSession":110.60869565,"Nextsong_toAct":0.83058176,"Downgrade_toAct":0.00786164,"Upgrade_toAct":0.00117925,"ThumbDown_toAct":0.00668239,"ThumbUp_toAct":0.04363208,"Home_toAct":0.03144654,"Adv_toAct":0.00314465,"Addtolist_toAct":0.02672956,"Set_toAct":0.00904088,"Addfriend_toAct":0.02083333,"Error_toAct":0.0,"Help_toAct":0.00511006,"Action_trend":3.34555816,"Nextsong_trend":3.52291043,"Nextsong_betweenHome":26.74683544}
