{"label":0,"gender_num":1,"level_num":1,"Action_ph":1.09887035,"Session_ph":0.00979261,"Nextsong_ph":1.09887035,"Downgrade_ph":0.01328997,"Upgrade_ph":0.0,"ThumbDown_ph":0.00909313,"ThumbUp_ph":0.05665722,"Home_ph":0.03567307,"Adv_ph":6.9947E-4,"Addtolist_ph":0.03077676,"Set_ph":0.00629525,"Addfriend_ph":0.01538838,"Error_ph":6.9947E-4,"Help_ph":0.00349736,"Action_toSession":131.57142857,"Nextsong_toAct":0.85287731,"Downgrade_toAct":0.01031488,"Upgrade_toAct":0.0,"ThumbDown_toAct":0.00705755,"ThumbUp_toAct":0.04397394,"Home_toAct":0.0276873,"Adv_toAct":5.4289E-4,"Addtolist_toAct":0.02388708,"Set_toAct":0.00488599,"Addfriend_toAct":0.01194354,"Error_toAct":5.4289E-4,"Help_toAct":0.00271444,"Action_trend":0.70640582,"Nextsong_trend":0.70289913,"Nextsong_betweenHome":32.06122449}
