{"label":1,"gender_num":1,"level_num":0,"Action_ph":3.93374741,"Session_ph":0.11830819,"Nextsong_ph":3.93374741,"Downgrade_ph":0.0,"Upgrade_ph":0.0591541,"ThumbDown_ph":0.0591541,"ThumbUp_ph":0.23661639,"Home_ph":0.32534753,"Adv_ph":0.41407867,"Addtolist_ph":0.08873114,"Set_ph":0.02957705,"Addfriend_ph":0.0591541,"Error_ph":0.02957705,"Help_ph":0.02957705,"Action_toSession":46.75,"Nextsong_toAct":0.71122995,"Downgrade_toAct":0.0,"Upgrade_toAct":0.01069519,"ThumbDown_toAct":0.01069519,"ThumbUp_toAct":0.04278075,"Home_toAct":0.05882353,"Adv_toAct":0.07486631,"Addtolist_toAct":0.01604278,"Set_toAct":0.00534759,"Addfriend_toAct":0.01069519,"Error_toAct":0.00534759,"Help_toAct":0.00534759,"Action_trend":0.99994653,"Nextsong_trend":0.99992482,"Nextsong_betweenHome":12.09090909}
