{"label":0,"gender_num":0,"level_num":1,"Action_ph":0.93702363,"Session_ph":0.01155927,"Nextsong_ph":0.93702363,"Downgrade_ph":0.00505718,"Upgrade_ph":0.00144491,"ThumbDown_ph":0.00939191,"ThumbUp_ph":0.10042119,"Home_ph":0.03395537,"Adv_ph":0.00144491,"Addtolist_ph":0.03034309,"Set_ph":0.00505718,"Addfriend_ph":0.01228173,"Error_ph":0.00144491,"Help_ph":0.00433473,"Action_toSession":100.1875,"Nextsong_toAct":0.80910792,"Downgrade_toAct":0.00436681,"Upgrade_toAct":0.00124766,"ThumbDown_toAct":0.00810979,"ThumbUp_toAct":0.08671241,"Home_toAct":0.02932002,"Adv_toAct":0.00124766,"Addtolist_toAct":0.02620087,"Set_toAct":0.00436681,"Addfriend_toAct":0.01060512,"Error_toAct":0.00124766,"Help_toAct":0.00374298,"Action_trend":0.57341855,"Nextsong_trend":0.60814525,"Nextsong_betweenHome":28.19565217}
{"label":0,"gender_num":0,"level_num":1,"Action_ph":0.28856877,"Session_ph":0.00574838,"Nextsong_ph":0.28856877,"Downgrade_ph":0.00229935,"Upgrade_ph":0.00459871,"ThumbDown_ph":0.00229935,"ThumbUp_ph":0.01494579,"Home_ph":0.01609547,"Adv_ph":0.0195445,"Addtolist_ph":0.00689806,"Set_ph":0.00114968,"Addfriend_ph":0.00344903,"Error_ph":0.0,"Help_ph":0.0,"Action_toSession":64.2,"Nextsong_toAct":0.78193146,"Downgrade_toAct":0.00623053,"Upgrade_toAct":0.01246106,"ThumbDown_toAct":0.00623053,"ThumbUp_toAct":0.04049844,"Home_toAct":0.04361371,"Adv_toAct":0.0529595,"Addtolist_toAct":0.01869159,"Set_toAct":0.00311526,"Addfriend_toAct":0.00934579,"Error_toAct":0.0,"Help_toAct":0.0,"Action_trend":0.0740695,"Nextsong_trend":0.0877116,"Nextsong_betweenHome":19.30769231}
