{"label":1,"gender_num":0,"level_num":1,"Action_ph":1.80913011,"Session_ph":0.04445037,"Nextsong_ph":1.80913011,"Downgrade_ph":0.04000533,"Upgrade_ph":0.00444504,"ThumbDown_ph":0.00889007,"ThumbUp_ph":0.04445037,"Home_ph":0.08890074,"Adv_ph":0.02667022,"Addtolist_ph":0.04889541,"Set_ph":0.00889007,"Addfriend_ph":0.06223052,"Error_ph":0.0,"Help_ph":0.01333511,"Action_toSession":49.4,"Nextsong_toAct":0.82388664,"Downgrade_toAct":0.01821862,"Upgrade_toAct":0.00202429,"ThumbDown_toAct":0.00404858,"ThumbUp_toAct":0.02024291,"Home_toAct":0.04048583,"Adv_toAct":0.01214575,"Addtolist_toAct":0.02226721,"Set_toAct":0.00404858,"Addfriend_toAct":0.02834008,"Error_toAct":0.0,"Help_toAct":0.00607287,"Action_trend":0.99997976,"Nextsong_trend":0.99997543,"Nextsong_betweenHome":20.35}
