{"label":0,"gender_num":1,"level_num":1,"Action_ph":0.49287701,"Session_ph":0.00657169,"Nextsong_ph":0.49287701,"Downgrade_ph":0.00511132,"Upgrade_ph":0.00219056,"ThumbDown_ph":0.00292075,"ThumbUp_ph":0.0306679,"Home_ph":0.01898489,"Adv_ph":0.00876226,"Addtolist_ph":0.01387358,"Set_ph":0.00146038,"Addfriend_ph":0.00730188,"Error_ph":0.0,"Help_ph":0.00584151,"Action_toSession":91.0,"Nextsong_toAct":0.82417582,"Downgrade_toAct":0.00854701,"Upgrade_toAct":0.003663,"ThumbDown_toAct":0.004884,"ThumbUp_toAct":0.05128205,"Home_toAct":0.03174603,"Adv_toAct":0.01465201,"Addtolist_toAct":0.02319902,"Set_toAct":0.002442,"Addfriend_toAct":0.01221001,"Error_toAct":0.0,"Help_toAct":0.00976801,"Action_trend":0.36971787,"Nextsong_trend":0.37384882,"Nextsong_betweenHome":28.125}
{"label":0,"gender_num":1,"level_num":0,"Action_ph":1.13400247,"Session_ph":0.02676528,"Nextsong_ph":1.13400247,"Downgrade_ph":0.00704349,"Upgrade_ph":0.0042261,"ThumbDown_ph":0.00986089,"ThumbUp_ph":0.0500088,"Home_ph":0.06339144,"Adv_ph":0.03873921,"Addtolist_ph":0.04507836,"Set_ph":0.00493045,"Addfriend_ph":0.02183483,"Error_ph":0.00211305,"Help_ph":0.00633914,"Action_toSession":52.76315789,"Nextsong_toAct":0.80299252,"Downgrade_toAct":0.00498753,"Upgrade_toAct":0.00299252,"ThumbDown_toAct":0.00698254,"ThumbUp_toAct":0.03541147,"Home_toAct":0.04488778,"Adv_toAct":0.02743142,"Addtolist_toAct":0.0319202,"Set_toAct":0.00349127,"Addfriend_toAct":0.01546135,"Error_toAct":0.00149626,"Help_toAct":0.00448878,"Action_trend":0.29166275,"Nextsong_trend":0.28690794,"Nextsong_betweenHome":19.63414634}
{"label":0,"gender_num":1,"level_num":1,"Action_ph":0.77948365,"Session_ph":0.01076635,"Nextsong_ph":0.77948365,"Downgrade_ph":0.00717757,"Upgrade_ph":0.00215327,"ThumbDown_ph":0.00645981,"ThumbUp_ph":0.03875886,"Home_ph":0.03875886,"Adv_ph":0.02081494,"Addtolist_ph":0.02368597,"Set_ph":0.00789532,"Addfriend_ph":0.02871026,"Error_ph":0.0,"Help_ph":0.0050243,"Action_toSession":90.86666667,"Nextsong_toAct":0.79677183,"Downgrade_toAct":0.00733676,"Upgrade_toAct":0.00220103,"ThumbDown_toAct":0.00660308,"ThumbUp_toAct":0.03961849,"Home_toAct":0.03961849,"Adv_toAct":0.0212766,"Addtolist_toAct":0.0242113,"Set_toAct":0.00807043,"Addfriend_toAct":0.02934703,"Error_toAct":0.0,"Help_toAct":0.00513573,"Action_trend":2.9396286,"Nextsong_trend":3.17139683,"Nextsong_betweenHome":21.29411765}
