{"label":0,"gender_num":0,"level_num":0,"Action_ph":0.18967731,"Session_ph":0.00706872,"Nextsong_ph":0.18967731,"Downgrade_ph":0.0,"Upgrade_ph":0.00235624,"ThumbDown_ph":0.0,"ThumbUp_ph":0.01295932,"Home_ph":0.01649368,"Adv_ph":0.01295932,"Addtolist_ph":0.00942496,"Set_ph":0.00117812,"Addfriend_ph":0.00353436,"Error_ph":0.0,"Help_ph":0.00235624,"Action_toSession":36.33333333,"Nextsong_toAct":0.73853211,"Downgrade_toAct":0.0,"Upgrade_toAct":0.00917431,"ThumbDown_toAct":0.0,"ThumbUp_toAct":0.05045872,"Home_toAct":0.06422018,"Adv_toAct":0.05045872,"Addtolist_toAct":0.03669725,"Set_toAct":0.00458716,"Addfriend_toAct":0.01376147,"Error_toAct":0.0,"Help_toAct":0.00917431,"Action_trend":2.60911973,"Nextsong_trend":2.82661151,"Nextsong_betweenHome":12.38461538}
