{"label":0,"gender_num":1,"level_num":0,"Action_ph":0.42600373,"Session_ph":0.017507,"Nextsong_ph":0.42600373,"Downgrade_ph":0.0,"Upgrade_ph":0.0,"ThumbDown_ph":0.0,"ThumbUp_ph":0.02334267,"Home_ph":0.02334267,"Adv_ph":0.05835668,"Addtolist_ph":0.01167134,"Set_ph":0.0,"Addfriend_ph":0.0,"Error_ph":0.0,"Help_ph":0.00583567,"Action_toSession":32.33333333,"Nextsong_toAct":0.75257732,"Downgrade_toAct":0.0,"Upgrade_toAct":0.0,"ThumbDown_toAct":0.0,"ThumbUp_toAct":0.04123711,"Home_toAct":0.04123711,"Adv_toAct":0.10309278,"Addtolist_toAct":0.02061856,"Set_toAct":0.0,"Addfriend_toAct":0.0,"Error_toAct":0.0,"Help_toAct":0.01030928,"Action_trend":0.99989692,"Nextsong_trend":0.99986303,"Nextsong_betweenHome":18.25}
