{"label":1,"gender_num":1,"level_num":0,"Action_ph":0.66938615,"Session_ph":0.01965892,"Nextsong_ph":0.66938615,"Downgrade_ph":0.0,"Upgrade_ph":0.00688062,"ThumbDown_ph":0.01965892,"ThumbUp_ph":0.04423256,"Home_ph":0.036369,"Adv_ph":0.11303878,"Addtolist_ph":0.01376124,"Set_ph":0.00786357,"Addfriend_ph":0.0108124,"Error_ph":9.8295E-4,"Help_ph":0.00589768,"Action_toSession":48.2,"Nextsong_toAct":0.70643154,"Downgrade_toAct":0.0,"Upgrade_toAct":0.00726141,"ThumbDown_toAct":0.02074689,"ThumbUp_toAct":0.0466805,"Home_toAct":0.03838174,"Adv_toAct":0.11929461,"Addtolist_toAct":0.01452282,"Set_toAct":0.00829876,"Addfriend_toAct":0.01141079,"Error_toAct":0.00103734,"Help_toAct":0.00622407,"Action_trend":0.87471604,"Nextsong_trend":0.85925571,"Nextsong_betweenHome":18.40540541}
