{"label":0,"gender_num":1,"level_num":1,"Action_ph":0.82283232,"Session_ph":0.01093223,"Nextsong_ph":0.82283232,"Downgrade_ph":0.00874578,"Upgrade_ph":0.0,"ThumbDown_ph":0.00583052,"ThumbUp_ph":0.04445773,"Home_ph":0.03061024,"Adv_ph":0.0,"Addtolist_ph":0.01967801,"Set_ph":0.00874578,"Addfriend_ph":0.02477972,"Error_ph":0.0,"Help_ph":7.2882E-4,"Action_toSession":89.8,"Nextsong_toAct":0.83815887,"Downgrade_toAct":0.00890869,"Upgrade_toAct":0.0,"ThumbDown_toAct":0.00593912,"ThumbUp_toAct":0.04528582,"Home_toAct":0.0311804,"Adv_toAct":0.0,"Addtolist_toAct":0.02004454,"Set_toAct":0.00890869,"Addfriend_toAct":0.02524128,"Error_toAct":0.0,"Help_toAct":7.4239E-4,"Action_trend":4.03844913,"Nextsong_trend":3.91015596,"Nextsong_betweenHome":28.94871795}
{"label":0,"gender_num":1,"level_num":1,"Action_ph":0.36551779,"Session_ph":0.0058134,"Nextsong_ph":0.36551779,"Downgrade_ph":0.00145335,"Upgrade_ph":0.00218003,"ThumbDown_ph":0.00218003,"ThumbUp_ph":0.01962024,"Home_ph":0.01816689,"Adv_ph":0.02688699,"Addtolist_ph":0.00872011,"Set_ph":0.00654008,"Addfriend_ph":0.00654008,"Error_ph":0.00145335,"Help_ph":0.00508673,"Action_toSession":81.375,"Nextsong_toAct":0.77265745,"Downgrade_toAct":0.0030722,"Upgrade_toAct":0.00460829,"ThumbDown_toAct":0.00460829,"ThumbUp_toAct":0.04147465,"Home_toAct":0.03840246,"Adv_toAct":0.05683564,"Addtolist_toAct":0.01843318,"Set_toAct":0.01382488,"Addfriend_toAct":0.01382488,"Error_toAct":0.0030722,"Help_toAct":0.01075269,"Action_trend":2.00790259,"Nextsong_trend":2.10615892,"Nextsong_betweenHome":22.86363636}
