{"label":0,"gender_num":1,"level_num":1,"Action_ph":0.78275395,"Session_ph":0.01572998,"Nextsong_ph":0.78275395,"Downgrade_ph":0.00674142,"Upgrade_ph":0.00224714,"ThumbDown_ph":0.00599237,"ThumbUp_ph":0.03895044,"Home_ph":0.03295806,"Adv_ph":0.02621664,"Addtolist_ph":0.02846378,"Set_ph":0.00374523,"Addfriend_ph":0.01797712,"Error_ph":0.0,"Help_ph":0.00224714,"Action_toSession":61.33333333,"Nextsong_toAct":0.8113354,"Downgrade_toAct":0.00698758,"Upgrade_toAct":0.00232919,"ThumbDown_toAct":0.00621118,"ThumbUp_toAct":0.04037267,"Home_toAct":0.03416149,"Adv_toAct":0.02717391,"Addtolist_toAct":0.02950311,"Set_toAct":0.00388199,"Addfriend_toAct":0.01863354,"Error_toAct":0.0,"Help_toAct":0.00232919,"Action_trend":1.66375899,"Nextsong_trend":1.78202335,"Nextsong_betweenHome":23.75}
