{"label":0,"gender_num":1,"level_num":1,"Action_ph":1.31350645,"Session_ph":0.01255178,"Nextsong_ph":1.31350645,"Downgrade_ph":0.01329012,"Upgrade_ph":0.0,"ThumbDown_ph":0.0110751,"ThumbUp_ph":0.0686656,"Home_ph":0.05537548,"Adv_ph":0.00147668,"Addtolist_ph":0.03839367,"Set_ph":0.01181344,"Addfriend_ph":0.01919683,"Error_ph":0.00147668,"Help_ph":0.00886008,"Action_toSession":125.0,"Nextsong_toAct":0.83717647,"Downgrade_toAct":0.00847059,"Upgrade_toAct":0.0,"ThumbDown_toAct":0.00705882,"ThumbUp_toAct":0.04376471,"Home_toAct":0.03529412,"Adv_toAct":9.4118E-4,"Addtolist_toAct":0.02447059,"Set_toAct":0.00752941,"Addfriend_toAct":0.01223529,"Error_toAct":9.4118E-4,"Help_toAct":0.00564706,"Action_trend":6.75633822,"Nextsong_trend":6.62659966,"Nextsong_betweenHome":24.04054054}
