{"label":0,"gender_num":1,"level_num":1,"Action_ph":0.69238602,"Session_ph":0.00754233,"Nextsong_ph":0.69238602,"Downgrade_ph":0.0045254,"Upgrade_ph":7.5423E-4,"ThumbDown_ph":0.00829656,"ThumbUp_ph":0.03318626,"Home_ph":0.03544896,"Adv_ph":0.00980503,"Addtolist_ph":0.02262699,"Set_ph":0.00754233,"Addfriend_ph":0.0135762,"Error_ph":0.0,"Help_ph":0.0022627,"Action_toSession":112.0,"Nextsong_toAct":0.81964286,"Downgrade_toAct":0.00535714,"Upgrade_toAct":8.9286E-4,"ThumbDown_toAct":0.00982143,"ThumbUp_toAct":0.03928571,"Home_toAct":0.04196429,"Adv_toAct":0.01160714,"Addtolist_toAct":0.02678571,"Set_toAct":0.00892857,"Addfriend_toAct":0.01607143,"Error_toAct":0.0,"Help_toAct":0.00267857,"Action_trend":4.95448441,"Nextsong_trend":5.54988778,"Nextsong_betweenHome":19.53191489}
