{"label":1,"gender_num":1,"level_num":1,"Action_ph":0.30295434,"Session_ph":0.00644584,"Nextsong_ph":0.30295434,"Downgrade_ph":0.00501343,"Upgrade_ph":0.0,"ThumbDown_ph":0.00429722,"ThumbUp_ph":0.01360788,"Home_ph":0.01432408,"Adv_ph":0.00358102,"Addtolist_ph":0.00644584,"Set_ph":0.00214861,"Addfriend_ph":0.01217547,"Error_ph":0.0,"Help_ph":0.00214861,"Action_toSession":57.77777778,"Nextsong_toAct":0.81346154,"Downgrade_toAct":0.01346154,"Upgrade_toAct":0.0,"ThumbDown_toAct":0.01153846,"ThumbUp_toAct":0.03653846,"Home_toAct":0.03846154,"Adv_toAct":0.00961538,"Addtolist_toAct":0.01730769,"Set_toAct":0.00576923,"Addfriend_toAct":0.03269231,"Error_toAct":0.0,"Help_toAct":0.00576923,"Action_trend":1.16750446,"Nextsong_trend":1.13718058,"Nextsong_betweenHome":21.15}
{"label":0,"gender_num":0,"level_num":1,"Action_ph":0.2379264,"Session_ph":0.00746436,"Nextsong_ph":0.2379264,"Downgrade_ph":0.0,"Upgrade_ph":9.3304E-4,"ThumbDown_ph":9.3304E-4,"ThumbUp_ph":0.01119654,"Home_ph":0.01586176,"Adv_ph":0.02052698,"Addtolist_ph":0.00746436,"Set_ph":0.00373218,"Addfriend_ph":0.00559827,"Error_ph":0.0,"Help_ph":0.00373218,"Action_toSession":42.125,"Nextsong_toAct":0.75667656,"Downgrade_toAct":0.0,"Upgrade_toAct":0.00296736,"ThumbDown_toAct":0.00296736,"ThumbUp_toAct":0.03560831,"Home_toAct":0.0504451,"Adv_toAct":0.0652819,"Addtolist_toAct":0.02373887,"Set_toAct":0.01186944,"Addfriend_toAct":0.01780415,"Error_toAct":0.0,"Help_toAct":0.01186944,"Action_trend":0.47486416,"Nextsong_trend":0.38415909,"Nextsong_betweenHome":15.9375}
