{"label":0,"gender_num":0,"level_num":0,"Action_ph":0.03079663,"Session_ph":0.00332937,"Nextsong_ph":0.03079663,"Downgrade_ph":0.0,"Upgrade_ph":8.3234E-4,"ThumbDown_ph":8.3234E-4,"ThumbUp_ph":0.00249702,"Home_ph":0.00249702,"Adv_ph":0.00249702,"Addtolist_ph":0.00166468,"Set_ph":8.3234E-4,"Addfriend_ph":0.0,"Error_ph":0.0,"Help_ph":0.0,"Action_toSession":13.0,"Nextsong_toAct":0.71153846,"Downgrade_toAct":0.0,"Upgrade_toAct":0.01923077,"ThumbDown_toAct":0.01923077,"ThumbUp_toAct":0.05769231,"Home_toAct":0.05769231,"Adv_toAct":0.05769231,"Addtolist_toAct":0.03846154,"Set_toAct":0.01923077,"Addfriend_toAct":0.0,"Error_toAct":0.0,"Help_toAct":0.0,"Action_trend":1.37414116,"Nextsong_trend":1.2489592,"Nextsong_betweenHome":12.33333333}
{"label":1,"gender_num":0,"level_num":0,"Action_ph":0.33769895,"Session_ph":0.01761908,"Nextsong_ph":0.33769895,"Downgrade_ph":0.0,"Upgrade_ph":0.00293651,"ThumbDown_ph":0.00293651,"ThumbUp_ph":0.02936513,"Home_ph":0.02936513,"Adv_ph":0.00880954,"Addtolist_ph":0.00880954,"Set_ph":0.01761908,"Addfriend_ph":0.0,"Error_ph":0.0,"Help_ph":0.00293651,"Action_toSession":26.33333333,"Nextsong_toAct":0.7278481,"Downgrade_toAct":0.0,"Upgrade_toAct":0.00632911,"ThumbDown_toAct":0.00632911,"ThumbUp_toAct":0.06329114,"Home_toAct":0.06329114,"Adv_toAct":0.01898734,"Addtolist_toAct":0.01898734,"Set_toAct":0.03797468,"Addfriend_toAct":0.0,"Error_toAct":0.0,"Help_toAct":0.00632911,"Action_trend":1.12134848,"Nextsong_trend":1.06471623,"Nextsong_betweenHome":14.375}
{"label":0,"gender_num":1,"level_num":1,"Action_ph":1.50676756,"Session_ph":0.01915695,"Nextsong_ph":1.50676756,"Downgrade_ph":0.0132625,"Upgrade_ph":7.3681E-4,"ThumbDown_ph":0.01473611,"ThumbUp_ph":0.08989029,"Home_ph":0.06262848,"Adv_ph":0.01694653,"Addtolist_ph":0.04273473,"Set_ph":0.01031528,"Addfriend_ph":0.02063056,"Error_ph":7.3681E-4,"Help_ph":0.01031528,"Action_toSession":94.80769231,"Nextsong_toAct":0.8296146,"Downgrade_toAct":0.00730223,"Upgrade_toAct":4.0568E-4,"ThumbDown_toAct":0.00811359,"ThumbUp_toAct":0.0494929,"Home_toAct":0.03448276,"Adv_toAct":0.00933063,"Addtolist_toAct":0.02352941,"Set_toAct":0.00567951,"Addfriend_toAct":0.01135903,"Error_toAct":4.0568E-4,"Help_toAct":0.00567951,"Action_trend":2.99986667,"Nextsong_trend":3.20553111,"Nextsong_betweenHome":24.93902439}
