{"label":0,"gender_num":0,"level_num":0,"Action_ph":0.11720894,"Session_ph":0.00593463,"Nextsong_ph":0.11720894,"Downgrade_ph":0.0,"Upgrade_ph":0.0,"ThumbDown_ph":0.00148366,"ThumbUp_ph":0.00445097,"Home_ph":0.00816012,"Adv_ph":0.01261109,"Addtolist_ph":7.4183E-4,"Set_ph":7.4183E-4,"Addfriend_ph":0.0,"Error_ph":7.4183E-4,"Help_ph":0.0,"Action_toSession":25.25,"Nextsong_toAct":0.78217822,"Downgrade_toAct":0.0,"Upgrade_toAct":0.0,"ThumbDown_toAct":0.00990099,"ThumbUp_toAct":0.02970297,"Home_toAct":0.05445545,"Adv_toAct":0.08415842,"Addtolist_toAct":0.0049505,"Set_toAct":0.0049505,"Addfriend_toAct":0.0,"Error_toAct":0.0049505,"Help_toAct":0.0,"Action_trend":0.48711704,"Nextsong_trend":0.54990835,"Nextsong_betweenHome":13.16666667}
