{"label":0,"gender_num":0,"level_num":0,"Action_ph":0.53796095,"Session_ph":0.00867679,"Nextsong_ph":0.53796095,"Downgrade_ph":0.0,"Upgrade_ph":0.00289226,"ThumbDown_ph":0.00289226,"ThumbUp_ph":0.0318149,"Home_ph":0.02024584,"Adv_ph":0.03759942,"Addtolist_ph":0.01446132,"Set_ph":0.00867679,"Addfriend_ph":0.02603037,"Error_ph":0.0,"Help_ph":0.00289226,"Action_toSession":80.0,"Nextsong_toAct":0.775,"Downgrade_toAct":0.0,"Upgrade_toAct":0.00416667,"ThumbDown_toAct":0.00416667,"ThumbUp_toAct":0.04583333,"Home_toAct":0.02916667,"Adv_toAct":0.05416667,"Addtolist_toAct":0.02083333,"Set_toAct":0.0125,"Addfriend_toAct":0.0375,"Error_toAct":0.0,"Help_toAct":0.00416667,"Action_trend":0.59996471,"Nextsong_trend":0.6060147,"Nextsong_betweenHome":37.2}
