{"label":0,"gender_num":0,"level_num":1,"Action_ph":1.05465944,"Session_ph":0.0138771,"Nextsong_ph":1.05465944,"Downgrade_ph":0.0065304,"Upgrade_ph":0.0016326,"ThumbDown_ph":0.0097956,"ThumbUp_ph":0.06040619,"Home_ph":0.05387579,"Adv_ph":0.0073467,"Addtolist_ph":0.0277542,"Set_ph":0.0024489,"Addfriend_ph":0.0106119,"Error_ph":0.0016326,"Help_ph":0.008163,"Action_toSession":91.0,"Nextsong_toAct":0.83516484,"Downgrade_toAct":0.0051713,"Upgrade_toAct":0.00129282,"ThumbDown_toAct":0.00775695,"ThumbUp_toAct":0.04783452,"Home_toAct":0.04266322,"Adv_toAct":0.00581771,"Addtolist_toAct":0.02197802,"Set_toAct":0.00193924,"Addfriend_toAct":0.00840336,"Error_toAct":0.00129282,"Help_toAct":0.00646412,"Action_trend":11.2842488,"Nextsong_trend":14.12940955,"Nextsong_betweenHome":20.1875}
{"label":0,"gender_num":0,"level_num":1,"Action_ph":0.91816163,"Session_ph":0.00876527,"Nextsong_ph":0.91816163,"Downgrade_ph":0.01168702,"Upgrade_ph":0.0,"ThumbDown_ph":0.00657395,"ThumbUp_ph":0.05770467,"Home_ph":0.04382633,"Adv_ph":7.3044E-4,"Addtolist_ph":0.02410448,"Set_ph":0.00803483,"Addfriend_ph":0.0226436,"Error_ph":7.3044E-4,"Help_ph":0.00511307,"Action_toSession":127.41666667,"Nextsong_toAct":0.82210595,"Downgrade_toAct":0.01046436,"Upgrade_toAct":0.0,"ThumbDown_toAct":0.0058862,"ThumbUp_toAct":0.05166776,"Home_toAct":0.03924133,"Adv_toAct":6.5402E-4,"Addtolist_toAct":0.02158273,"Set_toAct":0.00719424,"Addfriend_toAct":0.02027469,"Error_toAct":6.5402E-4,"Help_toAct":0.00457816,"Action_trend":7.32055708,"Nextsong_trend":8.35928536,"Nextsong_betweenHome":20.95}
