{"label":1,"gender_num":1,"level_num":1,"Action_ph":1.7306309,"Session_ph":0.02397777,"Nextsong_ph":1.7306309,"Downgrade_ph":0.03667189,"Upgrade_ph":0.00423137,"ThumbDown_ph":0.049366,"ThumbUp_ph":0.07757514,"Home_ph":0.07616468,"Adv_ph":0.01551503,"Addtolist_ph":0.04231371,"Set_ph":0.01269411,"Addfriend_ph":0.02679869,"Error_ph":0.00141046,"Help_ph":0.00564183,"Action_toSession":88.35294118,"Nextsong_toAct":0.81691079,"Downgrade_toAct":0.01731025,"Upgrade_toAct":0.00199734,"ThumbDown_toAct":0.02330226,"ThumbUp_toAct":0.03661784,"Home_toAct":0.03595206,"Adv_toAct":0.00732357,"Addtolist_toAct":0.01997337,"Set_toAct":0.00599201,"Addfriend_toAct":0.0126498,"Error_toAct":6.6578E-4,"Help_toAct":0.00266312,"Action_trend":2.13598721,"Nextsong_trend":2.21981266,"Nextsong_betweenHome":23.1509434}
