{"label":1,"gender_num":1,"level_num":0,"Action_ph":0.92757354,"Session_ph":0.01325105,"Nextsong_ph":0.92757354,"Downgrade_ph":0.00946504,"Upgrade_ph":0.00189301,"ThumbDown_ph":0.01325105,"ThumbUp_ph":0.03786014,"Home_ph":0.05868322,"Adv_ph":0.05679022,"Addtolist_ph":0.01703707,"Set_ph":0.01325105,"Addfriend_ph":0.00567902,"Error_ph":0.00189301,"Help_ph":0.00946504,"Action_toSession":89.0,"Nextsong_toAct":0.78651685,"Downgrade_toAct":0.00802568,"Upgrade_toAct":0.00160514,"ThumbDown_toAct":0.01123596,"ThumbUp_toAct":0.03210273,"Home_toAct":0.04975923,"Adv_toAct":0.04815409,"Addtolist_toAct":0.01444623,"Set_toAct":0.01123596,"Addfriend_toAct":0.00481541,"Error_toAct":0.00160514,"Help_toAct":0.00802568,"Action_trend":6.69053203,"Nextsong_trend":6.20496986,"Nextsong_betweenHome":17.5}
