{"label":0,"gender_num":0,"level_num":1,"Action_ph":0.6209247,"Session_ph":0.00700291,"Nextsong_ph":0.6209247,"Downgrade_ph":0.0,"Upgrade_ph":7.781E-4,"ThumbDown_ph":0.00622481,"ThumbUp_ph":0.06458239,"Home_ph":0.01867443,"Adv_ph":0.0,"Addtolist_ph":0.01867443,"Set_ph":0.0023343,"Addfriend_ph":0.01478392,"Error_ph":0.0,"Help_ph":0.00544671,"Action_toSession":108.44444444,"Nextsong_toAct":0.81762295,"Downgrade_toAct":0.0,"Upgrade_toAct":0.00102459,"ThumbDown_toAct":0.00819672,"ThumbUp_toAct":0.08504098,"Home_toAct":0.02459016,"Adv_toAct":0.0,"Addtolist_toAct":0.02459016,"Set_toAct":0.00307377,"Addfriend_toAct":0.01946721,"Error_toAct":0.0,"Help_toAct":0.00717213,"Action_trend":0.66004422,"Nextsong_trend":0.68721452,"Nextsong_betweenHome":33.25}
