{"label":0,"gender_num":1,"level_num":0,"Action_ph":0.07919224,"Session_ph":0.00565659,"Nextsong_ph":0.07919224,"Downgrade_ph":0.0,"Upgrade_ph":0.0,"ThumbDown_ph":0.0,"ThumbUp_ph":0.00848488,"Home_ph":0.00565659,"Adv_ph":0.01131318,"Addtolist_ph":0.0,"Set_ph":0.0,"Addfriend_ph":0.00848488,"Error_ph":0.0,"Help_ph":0.0,"Action_toSession":20.0,"Nextsong_toAct":0.7,"Downgrade_toAct":0.0,"Upgrade_toAct":0.0,"ThumbDown_toAct":0.0,"ThumbUp_toAct":0.075,"Home_toAct":0.05,"Adv_toAct":0.1,"Addtolist_toAct":0.0,"Set_toAct":0.0,"Addfriend_toAct":0.075,"Error_toAct":0.0,"Help_toAct":0.0,"Action_trend":6.98602794,"Nextsong_trend":12.93532338,"Nextsong_betweenHome":14.0}
{"label":1,"gender_num":1,"level_num":1,"Action_ph":1.69962088,"Session_ph":0.02449694,"Nextsong_ph":1.69962088,"Downgrade_ph":0.01749781,"Upgrade_ph":0.00349956,"ThumbDown_ph":0.02566346,"ThumbUp_ph":0.09215515,"Home_ph":0.07582386,"Adv_ph":0.03032954,"Addtolist_ph":0.05832604,"Set_ph":0.00699913,"Addfriend_ph":0.02333042,"Error_ph":0.00116652,"Help_ph":0.00816565,"Action_toSession":84.80952381,"Nextsong_toAct":0.81807973,"Downgrade_toAct":0.00842223,"Upgrade_toAct":0.00168445,"ThumbDown_toAct":0.01235261,"ThumbUp_toAct":0.0443571,"Home_toAct":0.03649635,"Adv_toAct":0.01459854,"Addtolist_toAct":0.02807412,"Set_toAct":0.00336889,"Addfriend_toAct":0.01122965,"Error_toAct":5.6148E-4,"Help_toAct":0.00393038,"Action_trend":4.5078432,"Nextsong_trend":4.92448015,"Nextsong_betweenHome":23.5}
{"label":0,"gender_num":0,"level_num":1,"Action_ph":1.349128,"Session_ph":0.02303389,"Nextsong_ph":1.349128,"Downgrade_ph":0.00740375,"Upgrade_ph":8.2264E-4,"ThumbDown_ph":0.01974334,"ThumbUp_ph":0.10858835,"Home_ph":0.06910168,"Adv_ph":0.00246792,"Addtolist_ph":0.04771306,"Set_ph":0.00987167,"Addfriend_ph":0.02879237,"Error_ph":0.00164528,"Help_ph":0.01316222,"Action_toSession":73.07142857,"Nextsong_toAct":0.80156403,"Downgrade_toAct":0.00439883,"Upgrade_toAct":4.8876E-4,"ThumbDown_toAct":0.01173021,"ThumbUp_toAct":0.06451613,"Home_toAct":0.04105572,"Adv_toAct":0.00146628,"Addtolist_toAct":0.028348,"Set_toAct":0.0058651,"Addfriend_toAct":0.01710655,"Error_toAct":9.7752E-4,"Help_toAct":0.00782014,"Action_trend":2.00722601,"Nextsong_trend":2.01842507,"Nextsong_betweenHome":20.5}
