{"label":1,"gender_num":0,"level_num":1,"Action_ph":0.95438556,"Session_ph":0.02018338,"Nextsong_ph":0.95438556,"Downgrade_ph":0.02306672,"Upgrade_ph":0.00288334,"ThumbDown_ph":0.02018338,"ThumbUp_ph":0.02018338,"Home_ph":0.0432501,"Adv_ph":0.00576668,"Addtolist_ph":0.03171674,"Set_ph":0.0144167,"Addfriend_ph":0.03171674,"Error_ph":0.00288334,"Help_ph":0.00576668,"Action_toSession":58.85714286,"Nextsong_toAct":0.80339806,"Downgrade_toAct":0.01941748,"Upgrade_toAct":0.00242718,"ThumbDown_toAct":0.01699029,"ThumbUp_toAct":0.01699029,"Home_toAct":0.03640777,"Adv_toAct":0.00485437,"Addtolist_toAct":0.02669903,"Set_toAct":0.01213592,"Addfriend_toAct":0.02669903,"Error_toAct":0.00242718,"Help_toAct":0.00485437,"Action_trend":1.08440411,"Nextsong_trend":1.08521032,"Nextsong_betweenHome":25.46153846}
