{"label":0,"gender_num":1,"level_num":1,"Action_ph":2.83277659,"Session_ph":0.02013987,"Nextsong_ph":2.83277659,"Downgrade_ph":0.02847361,"Upgrade_ph":0.0,"ThumbDown_ph":0.02847361,"ThumbUp_ph":0.11875577,"Home_ph":0.12222816,"Adv_ph":0.00277791,"Addtolist_ph":0.08194843,"Set_ph":0.01388956,"Addfriend_ph":0.05139139,"Error_ph":0.00416687,"Help_ph":0.015973,"Action_toSession":166.37931034,"Nextsong_toAct":0.8453886,"Downgrade_toAct":0.00849741,"Upgrade_toAct":0.0,"ThumbDown_toAct":0.00849741,"ThumbUp_toAct":0.03544041,"Home_toAct":0.03647668,"Adv_toAct":8.2902E-4,"Addtolist_toAct":0.02445596,"Set_toAct":0.00414508,"Addfriend_toAct":0.01533679,"Error_toAct":0.00124352,"Help_toAct":0.00476684,"Action_trend":0.4656865,"Nextsong_trend":0.4777364,"Nextsong_betweenHome":24.4251497}
{"label":1,"gender_num":0,"level_num":1,"Action_ph":5.57418605,"Session_ph":0.02640543,"Nextsong_ph":5.57418605,"Downgrade_ph":0.06073249,"Upgrade_ph":0.0,"ThumbDown_ph":0.0554514,"ThumbUp_ph":0.26405429,"Home_ph":0.19804072,"Adv_ph":0.0,"Addtolist_ph":0.13730823,"Set_ph":0.03168651,"Addfriend_ph":0.0739352,"Error_ph":0.00264054,"Help_ph":0.03168651,"Action_toSession":246.4,"Nextsong_toAct":0.85673701,"Downgrade_toAct":0.00933442,"Upgrade_toAct":0.0,"ThumbDown_toAct":0.00852273,"ThumbUp_toAct":0.04058442,"Home_toAct":0.03043831,"Adv_toAct":0.0,"Addtolist_toAct":0.0211039,"Set_toAct":0.00487013,"Addfriend_toAct":0.01136364,"Error_toAct":4.0584E-4,"Help_toAct":0.00487013,"Action_trend":0.89362293,"Nextsong_trend":0.90318465,"Nextsong_betweenHome":29.31944444}
{"label":0,"gender_num":0,"level_num":0,"Action_ph":0.12306985,"Session_ph":0.00574326,"Nextsong_ph":0.12306985,"Downgrade_ph":0.0,"Upgrade_ph":0.00164093,"ThumbDown_ph":8.2047E-4,"ThumbUp_ph":0.00574326,"Home_ph":0.00820466,"Adv_ph":0.01312745,"Addtolist_ph":0.00410233,"Set_ph":0.0024614,"Addfriend_ph":8.2047E-4,"Error_ph":8.2047E-4,"Help_ph":8.2047E-4,"Action_toSession":28.71428571,"Nextsong_toAct":0.74626866,"Downgrade_toAct":0.0,"Upgrade_toAct":0.00995025,"ThumbDown_toAct":0.00497512,"ThumbUp_toAct":0.03482587,"Home_toAct":0.04975124,"Adv_toAct":0.07960199,"Addtolist_toAct":0.02487562,"Set_toAct":0.01492537,"Addfriend_toAct":0.00497512,"Error_toAct":0.00497512,"Help_toAct":0.00497512,"Action_trend":2.47718383,"Nextsong_trend":2.56089944,"Nextsong_betweenHome":13.63636364}
