{"label":1,"gender_num":1,"level_num":1,"Action_ph":1.88081654,"Session_ph":0.01952405,"Nextsong_ph":1.88081654,"Downgrade_ph":0.01084669,"Upgrade_ph":0.01518537,"ThumbDown_ph":0.01952405,"ThumbUp_ph":0.09111222,"Home_ph":0.09978957,"Adv_ph":0.04555611,"Addtolist_ph":0.04121743,"Set_ph":0.01518537,"Addfriend_ph":0.0282014,"Error_ph":0.00433868,"Help_ph":0.01301603,"Action_toSession":118.22222222,"Nextsong_toAct":0.81484962,"Downgrade_toAct":0.00469925,"Upgrade_toAct":0.00657895,"ThumbDown_toAct":0.00845865,"ThumbUp_toAct":0.03947368,"Home_toAct":0.04323308,"Adv_toAct":0.01973684,"Addtolist_toAct":0.01785714,"Set_toAct":0.00657895,"Addfriend_toAct":0.01221805,"Error_toAct":0.0018797,"Help_toAct":0.0056391,"Action_trend":1.43506305,"Nextsong_trend":1.43095234,"Nextsong_betweenHome":20.1627907}
