{"label":0,"gender_num":1,"level_num":0,"Action_ph":0.2917495,"Session_ph":0.00429043,"Nextsong_ph":0.2917495,"Downgrade_ph":0.00143014,"Upgrade_ph":0.00143014,"ThumbDown_ph":0.00286029,"ThumbUp_ph":0.02431246,"Home_ph":0.0128713,"Adv_ph":0.01430145,"Addtolist_ph":0.00429043,"Set_ph":0.00286029,"Addfriend_ph":0.00286029,"Error_ph":0.0,"Help_ph":0.00429043,"Action_toSession":87.33333333,"Nextsong_toAct":0.77862595,"Downgrade_toAct":0.00381679,"Upgrade_toAct":0.00381679,"ThumbDown_toAct":0.00763359,"ThumbUp_toAct":0.0648855,"Home_toAct":0.03435115,"Adv_toAct":0.03816794,"Addtolist_toAct":0.01145038,"Set_toAct":0.00763359,"Addfriend_toAct":0.00763359,"Error_toAct":0.0,"Help_toAct":0.01145038,"Action_trend":1.91089879,"Nextsong_trend":2.04447097,"Nextsong_betweenHome":20.4}
