{"label":1,"gender_num":0,"level_num":0,"Action_ph":14.86486486,"Session_ph":1.35135135,"Nextsong_ph":14.86486486,"Downgrade_ph":0.0,"Upgrade_ph":0.0,"ThumbDown_ph":1.35135135,"ThumbUp_ph":0.0,"Home_ph":5.40540541,"Adv_ph":2.7027027,"Addtolist_ph":2.7027027,"Set_ph":1.35135135,"Addfriend_ph":0.0,"Error_ph":0.0,"Help_ph":0.0,"Action_toSession":23.0,"Nextsong_toAct":0.47826087,"Downgrade_toAct":0.0,"Upgrade_toAct":0.0,"ThumbDown_toAct":0.04347826,"ThumbUp_toAct":0.0,"Home_toAct":0.17391304,"Adv_toAct":0.08695652,"Addtolist_toAct":0.08695652,"Set_toAct":0.04347826,"Addfriend_toAct":0.0,"Error_toAct":0.0,"Help_toAct":0.0,"Action_trend":0.99956541,"Nextsong_trend":0.99909173,"Nextsong_betweenHome":2.75}
{"label":1,"gender_num":0,"level_num":0,"Action_ph":1.67794317,"Session_ph":0.0541272,"Nextsong_ph":1.67794317,"Downgrade_ph":0.0,"Upgrade_ph":0.0,"ThumbDown_ph":0.0270636,"ThumbUp_ph":0.0270636,"Home_ph":0.1082544,"Adv_ph":0.29769959,"Addtolist_ph":0.0541272,"Set_ph":0.0,"Addfriend_ph":0.0541272,"Error_ph":0.0,"Help_ph":0.0270636,"Action_toSession":44.5,"Nextsong_toAct":0.69662921,"Downgrade_toAct":0.0,"Upgrade_toAct":0.0,"ThumbDown_toAct":0.01123596,"ThumbUp_toAct":0.01123596,"Home_toAct":0.04494382,"Adv_toAct":0.12359551,"Addtolist_toAct":0.02247191,"Set_toAct":0.0,"Addfriend_toAct":0.02247191,"Error_toAct":0.0,"Help_toAct":0.01123596,"Action_trend":0.99988765,"Nextsong_trend":0.99983874,"Nextsong_betweenHome":15.5}
