{"label":1,"gender_num":1,"level_num":1,"Action_ph":1.17080659,"Session_ph":0.01674574,"Nextsong_ph":1.17080659,"Downgrade_ph":0.00418644,"Upgrade_ph":0.00139548,"ThumbDown_ph":0.00837287,"ThumbUp_ph":0.06000558,"Home_ph":0.0460508,"Adv_ph":0.00558191,"Addtolist_ph":0.0390734,"Set_ph":0.00558191,"Addfriend_ph":0.04046888,"Error_ph":0.0,"Help_ph":0.00697739,"Action_toSession":84.16666667,"Nextsong_toAct":0.83069307,"Downgrade_toAct":0.0029703,"Upgrade_toAct":9.901E-4,"ThumbDown_toAct":0.00594059,"ThumbUp_toAct":0.04257426,"Home_toAct":0.03267327,"Adv_toAct":0.0039604,"Addtolist_toAct":0.02772277,"Set_toAct":0.0039604,"Addfriend_toAct":0.02871287,"Error_toAct":0.0,"Help_toAct":0.0049505,"Action_trend":1.42785029,"Nextsong_trend":1.47488275,"Nextsong_betweenHome":27.96666667}
{"label":0,"gender_num":0,"level_num":1,"Action_ph":0.96423208,"Session_ph":0.01141623,"Nextsong_ph":0.96423208,"Downgrade_ph":0.01141623,"Upgrade_ph":0.00175634,"ThumbDown_ph":0.00878171,"ThumbUp_ph":0.04742125,"Home_ph":0.03424868,"Adv_ph":0.01492891,"Addtolist_ph":0.03249234,"Set_ph":0.00790354,"Addfriend_ph":0.0122944,"Error_ph":0.0,"Help_ph":0.00702537,"Action_toSession":101.69230769,"Nextsong_toAct":0.83055976,"Downgrade_toAct":0.00983359,"Upgrade_toAct":0.00151286,"ThumbDown_toAct":0.0075643,"ThumbUp_toAct":0.0408472,"Home_toAct":0.02950076,"Adv_toAct":0.0128593,"Addtolist_toAct":0.0279879,"Set_toAct":0.00680787,"Addfriend_toAct":0.01059002,"Error_toAct":0.0,"Help_toAct":0.00605144,"Action_trend":1.08327315,"Nextsong_trend":1.15854079,"Nextsong_betweenHome":30.5}
