{"label":1,"gender_num":0,"level_num":0,"Action_ph":0.8337223,"Session_ph":0.01609503,"Nextsong_ph":0.8337223,"Downgrade_ph":0.00804751,"Upgrade_ph":0.00643801,"ThumbDown_ph":0.01287602,"ThumbUp_ph":0.03701856,"Home_ph":0.03701856,"Adv_ph":0.06759911,"Addtolist_ph":0.01931403,"Set_ph":0.00643801,"Addfriend_ph":0.01126652,"Error_ph":0.0,"Help_ph":0.00965702,"Action_toSession":67.1,"Nextsong_toAct":0.77198212,"Downgrade_toAct":0.00745156,"Upgrade_toAct":0.00596125,"ThumbDown_toAct":0.0119225,"ThumbUp_toAct":0.0342772,"Home_toAct":0.0342772,"Adv_toAct":0.06259314,"Addtolist_toAct":0.01788376,"Set_toAct":0.00596125,"Addfriend_toAct":0.01043219,"Error_toAct":0.0,"Help_toAct":0.00894188,"Action_trend":2.02556683,"Nextsong_trend":2.10669385,"Nextsong_betweenHome":21.58333333}
{"label":0,"gender_num":1,"level_num":1,"Action_ph":3.20274581,"Session_ph":0.05269727,"Nextsong_ph":3.20274581,"Downgrade_ph":0.02218832,"Upgrade_ph":0.00624047,"ThumbDown_ph":0.02842879,"ThumbUp_ph":0.30300929,"Home_ph":0.13382333,"Adv_ph":0.01456109,"Addtolist_ph":0.10123423,"Set_ph":0.01664124,"Addfriend_ph":0.06448481,"Error_ph":0.00138677,"Help_ph":0.02080155,"Action_toSession":75.42105263,"Nextsong_toAct":0.80582694,"Downgrade_toAct":0.00558269,"Upgrade_toAct":0.00157013,"ThumbDown_toAct":0.00715283,"ThumbUp_toAct":0.07623866,"Home_toAct":0.03367062,"Adv_toAct":0.00366364,"Addtolist_toAct":0.02547104,"Set_toAct":0.00418702,"Addfriend_toAct":0.0162247,"Error_toAct":3.4892E-4,"Help_toAct":0.00523378,"Action_trend":0.68660152,"Nextsong_trend":0.68344777,"Nextsong_betweenHome":24.83333333}
