{"label":0,"gender_num":0,"level_num":1,"Action_ph":0.31814956,"Session_ph":0.00918542,"Nextsong_ph":0.31814956,"Downgrade_ph":0.0,"Upgrade_ph":0.00167008,"ThumbDown_ph":0.00417519,"ThumbUp_ph":0.01419565,"Home_ph":0.01670076,"Adv_ph":0.02421611,"Addtolist_ph":0.0108555,"Set_ph":8.3504E-4,"Addfriend_ph":0.00668031,"Error_ph":8.3504E-4,"Help_ph":0.00334015,"Action_toSession":44.45454545,"Nextsong_toAct":0.7791411,"Downgrade_toAct":0.0,"Upgrade_toAct":0.00408998,"ThumbDown_toAct":0.01022495,"ThumbUp_toAct":0.03476483,"Home_toAct":0.0408998,"Adv_toAct":0.0593047,"Addtolist_toAct":0.02658487,"Set_toAct":0.00204499,"Addfriend_toAct":0.01635992,"Error_toAct":0.00204499,"Help_toAct":0.00817996,"Action_trend":8.11711497,"Nextsong_trend":8.83038987,"Nextsong_betweenHome":19.05}
