{"label":0,"gender_num":0,"level_num":0,"Action_ph":0.15749877,"Session_ph":0.00732552,"Nextsong_ph":0.15749877,"Downgrade_ph":0.0,"Upgrade_ph":0.0014651,"ThumbDown_ph":0.00219766,"ThumbUp_ph":0.00659297,"Home_ph":0.01172084,"Adv_ph":0.0153836,"Addtolist_ph":0.00512787,"Set_ph":0.00293021,"Addfriend_ph":0.00512787,"Error_ph":0.0,"Help_ph":7.3255E-4,"Action_toSession":29.2,"Nextsong_toAct":0.73630137,"Downgrade_toAct":0.0,"Upgrade_toAct":0.00684932,"ThumbDown_toAct":0.01027397,"ThumbUp_toAct":0.03082192,"Home_toAct":0.05479452,"Adv_toAct":0.07191781,"Addtolist_toAct":0.0239726,"Set_toAct":0.01369863,"Addfriend_toAct":0.0239726,"Error_toAct":0.0,"Help_toAct":0.00342466,"Action_trend":0.45826968,"Nextsong_trend":0.44222265,"Nextsong_betweenHome":16.53846154}
{"label":0,"gender_num":1,"level_num":1,"Action_ph":2.47760242,"Session_ph":0.03259091,"Nextsong_ph":2.47760242,"Downgrade_ph":0.02565667,"Upgrade_ph":6.9342E-4,"ThumbDown_ph":0.01733559,"ThumbUp_ph":0.11510831,"Home_ph":0.12204255,"Adv_ph":0.00693424,"Addtolist_ph":0.07211605,"Set_ph":0.01941586,"Addfriend_ph":0.03605803,"Error_ph":0.00485396,"Help_ph":0.01386847,"Action_toSession":90.57446809,"Nextsong_toAct":0.83932347,"Downgrade_toAct":0.00869157,"Upgrade_toAct":2.3491E-4,"ThumbDown_toAct":0.00587268,"ThumbUp_toAct":0.0389946,"Home_toAct":0.04134367,"Adv_toAct":0.00234907,"Addtolist_toAct":0.02443035,"Set_toAct":0.0065774,"Addfriend_toAct":0.01221518,"Error_toAct":0.00164435,"Help_toAct":0.00469814,"Action_trend":1.27761477,"Nextsong_trend":1.33167759,"Nextsong_betweenHome":21.78658537}
