{"label":0,"gender_num":1,"level_num":1,"Action_ph":2.03656864,"Session_ph":0.05237875,"Nextsong_ph":2.03656864,"Downgrade_ph":0.03032454,"Upgrade_ph":0.01033791,"ThumbDown_ph":0.05031117,"ThumbUp_ph":0.11233864,"Home_ph":0.1054467,"Adv_ph":0.07994652,"Addtolist_ph":0.05031117,"Set_ph":0.0117163,"Addfriend_ph":0.04548681,"Error_ph":0.00137839,"Help_ph":0.01585146,"Action_toSession":49.59210526,"Nextsong_toAct":0.78402759,"Downgrade_toAct":0.01167418,"Upgrade_toAct":0.00397984,"ThumbDown_toAct":0.01936853,"ThumbUp_toAct":0.04324755,"Home_toAct":0.04059432,"Adv_toAct":0.03077739,"Addtolist_toAct":0.01936853,"Set_toAct":0.00451048,"Addfriend_toAct":0.01751128,"Error_toAct":5.3064E-4,"Help_toAct":0.00610241,"Action_trend":1.02841049,"Nextsong_trend":1.0148103,"Nextsong_betweenHome":20.95744681}
