{"label":1,"gender_num":0,"level_num":1,"Action_ph":0.32880585,"Session_ph":0.0061459,"Nextsong_ph":0.32880585,"Downgrade_ph":0.00307295,"Upgrade_ph":0.0,"ThumbDown_ph":0.00460943,"ThumbUp_ph":0.02151066,"Home_ph":0.01229181,"Adv_ph":0.00153648,"Addtolist_ph":0.0061459,"Set_ph":0.0,"Addfriend_ph":0.00153648,"Error_ph":0.0,"Help_ph":0.00153648,"Action_toSession":63.5,"Nextsong_toAct":0.84251969,"Downgrade_toAct":0.00787402,"Upgrade_toAct":0.0,"ThumbDown_toAct":0.01181102,"ThumbUp_toAct":0.05511811,"Home_toAct":0.03149606,"Adv_toAct":0.00393701,"Addtolist_toAct":0.01574803,"Set_toAct":0.0,"Addfriend_toAct":0.00393701,"Error_toAct":0.0,"Help_toAct":0.00393701,"Action_trend":9.57934194,"Nextsong_trend":8.72330759,"Nextsong_betweenHome":23.77777778}
