{"label":0,"gender_num":0,"level_num":1,"Action_ph":0.9242905,"Session_ph":0.02095557,"Nextsong_ph":0.9242905,"Downgrade_ph":0.01047779,"Upgrade_ph":0.00299365,"ThumbDown_ph":0.00748413,"ThumbUp_ph":0.05164052,"Home_ph":0.04340798,"Adv_ph":0.01421985,"Addtolist_ph":0.02095557,"Set_ph":0.00823255,"Addfriend_ph":0.01347144,"Error_ph":0.00224524,"Help_ph":0.00748413,"Action_toSession":53.42857143,"Nextsong_toAct":0.82553476,"Downgrade_toAct":0.00935829,"Upgrade_toAct":0.0026738,"ThumbDown_toAct":0.00668449,"ThumbUp_toAct":0.04612299,"Home_toAct":0.03877005,"Adv_toAct":0.01270053,"Addtolist_toAct":0.01871658,"Set_toAct":0.00735294,"Addfriend_toAct":0.01203209,"Error_toAct":0.00200535,"Help_toAct":0.00668449,"Action_trend":4.64961253,"Nextsong_trend":4.8432455,"Nextsong_betweenHome":22.87037037}
