{"label":0,"gender_num":1,"level_num":1,"Action_ph":5.49063737,"Session_ph":0.07341892,"Nextsong_ph":5.49063737,"Downgrade_ph":0.05008954,"Upgrade_ph":0.00960621,"ThumbDown_ph":0.04734491,"ThumbUp_ph":0.26622936,"Home_ph":0.24358614,"Adv_ph":0.08782824,"Addtolist_ph":0.16467795,"Set_ph":0.02401553,"Addfriend_ph":0.08371129,"Error_ph":0.00480311,"Help_ph":0.03156327,"Action_toSession":90.01869159,"Nextsong_toAct":0.83077243,"Downgrade_toAct":0.0075789,"Upgrade_toAct":0.00145349,"ThumbDown_toAct":0.00716362,"ThumbUp_toAct":0.04028239,"Home_toAct":0.03685631,"Adv_toAct":0.01328904,"Addtolist_toAct":0.02491694,"Set_toAct":0.00363372,"Addfriend_toAct":0.01266611,"Error_toAct":7.2674E-4,"Help_toAct":0.00477575,"Action_trend":0.55277362,"Nextsong_trend":0.51459541,"Nextsong_betweenHome":23.88656716}
