{"label":0,"gender_num":0,"level_num":1,"Action_ph":0.51274788,"Session_ph":0.00495751,"Nextsong_ph":0.51274788,"Downgrade_ph":0.00637394,"Upgrade_ph":0.00212465,"ThumbDown_ph":0.00637394,"ThumbUp_ph":0.02124646,"Home_ph":0.0233711,"Adv_ph":0.00779037,"Addtolist_ph":0.00991501,"Set_ph":0.00283286,"Addfriend_ph":0.01133144,"Error_ph":0.00283286,"Help_ph":0.00212465,"Action_toSession":124.57142857,"Nextsong_toAct":0.83027523,"Downgrade_toAct":0.0103211,"Upgrade_toAct":0.00344037,"ThumbDown_toAct":0.0103211,"ThumbUp_toAct":0.03440367,"Home_toAct":0.03784404,"Adv_toAct":0.01261468,"Addtolist_toAct":0.01605505,"Set_toAct":0.00458716,"Addfriend_toAct":0.01834862,"Error_toAct":0.00458716,"Help_toAct":0.00344037,"Action_trend":0.85646384,"Nextsong_trend":0.90550525,"Nextsong_betweenHome":24.13333333}
