{"label":0,"gender_num":1,"level_num":1,"Action_ph":1.10139812,"Session_ph":0.01667732,"Nextsong_ph":1.10139812,"Downgrade_ph":0.01111821,"Upgrade_ph":0.00277955,"ThumbDown_ph":0.00833866,"ThumbUp_ph":0.05698085,"Home_ph":0.05003196,"Adv_ph":6.9489E-4,"Addtolist_ph":0.03474442,"Set_ph":0.00555911,"Addfriend_ph":0.02223643,"Error_ph":0.00208467,"Help_ph":0.00486422,"Action_toSession":78.95833333,"Nextsong_toAct":0.83641161,"Downgrade_toAct":0.00844327,"Upgrade_toAct":0.00211082,"ThumbDown_toAct":0.00633245,"ThumbUp_toAct":0.04327177,"Home_toAct":0.03799472,"Adv_toAct":5.277E-4,"Addtolist_toAct":0.02638522,"Set_toAct":0.00422164,"Addfriend_toAct":0.01688654,"Error_toAct":0.00158311,"Help_toAct":0.00369393,"Action_trend":1.0772301,"Nextsong_trend":1.08994627,"Nextsong_betweenHome":24.38461538}
{"label":0,"gender_num":0,"level_num":1,"Action_ph":0.96792923,"Session_ph":0.02185867,"Nextsong_ph":0.96792923,"Downgrade_ph":0.0040985,"Upgrade_ph":0.00956317,"ThumbDown_ph":0.01161242,"ThumbUp_ph":0.04235117,"Home_ph":0.04781584,"Adv_ph":0.04918201,"Addtolist_ph":0.03210492,"Set_ph":0.00888008,"Addfriend_ph":0.01707709,"Error_ph":6.8308E-4,"Help_ph":0.00341542,"Action_toSession":55.46875,"Nextsong_toAct":0.79830986,"Downgrade_toAct":0.00338028,"Upgrade_toAct":0.00788732,"ThumbDown_toAct":0.00957746,"ThumbUp_toAct":0.03492958,"Home_toAct":0.03943662,"Adv_toAct":0.04056338,"Addtolist_toAct":0.02647887,"Set_toAct":0.00732394,"Addfriend_toAct":0.01408451,"Error_toAct":5.6338E-4,"Help_toAct":0.0028169,"Action_trend":1.44136056,"Nextsong_trend":1.43898052,"Nextsong_betweenHome":21.8}
