{"label":0,"gender_num":1,"level_num":1,"Action_ph":1.50992729,"Session_ph":0.0229356,"Nextsong_ph":1.50992729,"Downgrade_ph":0.01299684,"Upgrade_ph":0.00229356,"ThumbDown_ph":0.00917424,"ThumbUp_ph":0.08256818,"Home_ph":0.07645201,"Adv_ph":0.01834848,"Addtolist_ph":0.04663573,"Set_ph":0.00917424,"Addfriend_ph":0.02446464,"Error_ph":7.6452E-4,"Help_ph":0.01299684,"Action_toSession":80.13333333,"Nextsong_toAct":0.82154742,"Downgrade_toAct":0.00707155,"Upgrade_toAct":0.00124792,"ThumbDown_toAct":0.00499168,"ThumbUp_toAct":0.04492512,"Home_toAct":0.04159734,"Adv_toAct":0.00998336,"Addtolist_toAct":0.02537438,"Set_toAct":0.00499168,"Addfriend_toAct":0.01331115,"Error_toAct":4.1597E-4,"Help_toAct":0.00707155,"Action_trend":3.079888,"Nextsong_trend":3.17258306,"Nextsong_betweenHome":20.78947368}
