{"label":0,"gender_num":1,"level_num":1,"Action_ph":1.21612661,"Session_ph":0.01092984,"Nextsong_ph":1.21612661,"Downgrade_ph":0.01748774,"Upgrade_ph":7.2866E-4,"ThumbDown_ph":0.0378901,"ThumbUp_ph":0.0495486,"Home_ph":0.05173457,"Adv_ph":0.00291462,"Addtolist_ph":0.03278951,"Set_ph":0.00728656,"Addfriend_ph":0.01967371,"Error_ph":0.00218597,"Help_ph":0.00291462,"Action_toSession":134.13333333,"Nextsong_toAct":0.82952286,"Downgrade_toAct":0.01192843,"Upgrade_toAct":4.9702E-4,"ThumbDown_toAct":0.02584493,"ThumbUp_toAct":0.03379722,"Home_toAct":0.03528827,"Adv_toAct":0.00198807,"Addtolist_toAct":0.02236581,"Set_toAct":0.00497018,"Addfriend_toAct":0.01341948,"Error_toAct":0.00149105,"Help_toAct":0.00198807,"Action_trend":1.72408839,"Nextsong_trend":1.80428245,"Nextsong_betweenHome":24.1884058}
