{"label":1,"gender_num":0,"level_num":1,"Action_ph":0.25963268,"Session_ph":0.00606146,"Nextsong_ph":0.25963268,"Downgrade_ph":0.00303073,"Upgrade_ph":0.0,"ThumbDown_ph":0.00303073,"ThumbUp_ph":0.01717415,"Home_ph":0.00707171,"Adv_ph":0.00202049,"Addtolist_ph":0.00707171,"Set_ph":0.00101024,"Addfriend_ph":0.00606146,"Error_ph":0.0,"Help_ph":0.00202049,"Action_toSession":51.66666667,"Nextsong_toAct":0.82903226,"Downgrade_toAct":0.00967742,"Upgrade_toAct":0.0,"ThumbDown_toAct":0.00967742,"ThumbUp_toAct":0.05483871,"Home_toAct":0.02258065,"Adv_toAct":0.00645161,"Addtolist_toAct":0.02258065,"Set_toAct":0.00322581,"Addfriend_toAct":0.01935484,"Error_toAct":0.0,"Help_toAct":0.00645161,"Action_trend":0.32477245,"Nextsong_trend":0.31793241,"Nextsong_betweenHome":32.125}
{"label":0,"gender_num":1,"level_num":1,"Action_ph":1.59083783,"Session_ph":0.01320197,"Nextsong_ph":1.59083783,"Downgrade_ph":0.01567734,"Upgrade_ph":8.2512E-4,"ThumbDown_ph":0.0140271,"ThumbUp_ph":0.07921184,"Home_ph":0.06848524,"Adv_ph":0.00165025,"Addtolist_ph":0.03135469,"Set_ph":0.0140271,"Addfriend_ph":0.03383006,"Error_ph":0.00247537,"Help_ph":0.01320197,"Action_toSession":144.0,"Nextsong_toAct":0.83680556,"Downgrade_toAct":0.00824653,"Upgrade_toAct":4.3403E-4,"ThumbDown_toAct":0.00737847,"ThumbUp_toAct":0.04166667,"Home_toAct":0.03602431,"Adv_toAct":8.6806E-4,"Addtolist_toAct":0.01649306,"Set_toAct":0.00737847,"Addfriend_toAct":0.01779514,"Error_toAct":0.00130208,"Help_toAct":0.00694444,"Action_trend":5.36841574,"Nextsong_trend":5.39601244,"Nextsong_betweenHome":24.71794872}
{"label":0,"gender_num":1,"level_num":0,"Action_ph":0.14007471,"Session_ph":0.00500267,"Nextsong_ph":0.14007471,"Downgrade_ph":0.0,"Upgrade_ph":0.0,"ThumbDown_ph":0.0,"ThumbUp_ph":0.01834312,"Home_ph":0.01000534,"Adv_ph":0.01667556,"Addtolist_ph":0.00166756,"Set_ph":0.0,"Addfriend_ph":0.00500267,"Error_ph":0.0,"Help_ph":0.00166756,"Action_toSession":39.33333333,"Nextsong_toAct":0.71186441,"Downgrade_toAct":0.0,"Upgrade_toAct":0.0,"ThumbDown_toAct":0.0,"ThumbUp_toAct":0.09322034,"Home_toAct":0.05084746,"Adv_toAct":0.08474576,"Addtolist_toAct":0.00847458,"Set_toAct":0.0,"Addfriend_toAct":0.02542373,"Error_toAct":0.0,"Help_toAct":0.00847458,"Action_trend":0.34087036,"Nextsong_trend":0.33328043,"Nextsong_betweenHome":14.0}
