{"label":0,"gender_num":0,"level_num":1,"Action_ph":1.78220698,"Session_ph":0.02074746,"Nextsong_ph":1.78220698,"Downgrade_ph":0.01521481,"Upgrade_ph":0.00207475,"ThumbDown_ph":0.01452322,"ThumbUp_ph":0.09336358,"Home_ph":0.08229827,"Adv_ph":0.02420537,"Addtolist_ph":0.04979391,"Set_ph":0.0117569,"Addfriend_ph":0.02282221,"Error_ph":0.00138316,"Help_ph":0.01037373,"Action_toSession":103.4,"Nextsong_toAct":0.83075435,"Downgrade_toAct":0.0070922,"Upgrade_toAct":9.6712E-4,"ThumbDown_toAct":0.00676983,"ThumbUp_toAct":0.04352031,"Home_toAct":0.03836235,"Adv_toAct":0.01128304,"Addtolist_toAct":0.02321083,"Set_toAct":0.00548034,"Addfriend_toAct":0.0106383,"Error_toAct":6.4475E-4,"Help_toAct":0.00483559,"Action_trend":5.24973751,"Nextsong_trend":5.65154104,"Nextsong_betweenHome":22.21551724}
{"label":0,"gender_num":0,"level_num":0,"Action_ph":1.09037417,"Session_ph":0.01324623,"Nextsong_ph":1.09037417,"Downgrade_ph":0.01045755,"Upgrade_ph":6.9717E-4,"ThumbDown_ph":0.0139434,"ThumbUp_ph":0.05019625,"Home_ph":0.03764719,"Adv_ph":0.00348585,"Addtolist_ph":0.03555568,"Set_ph":0.0069717,"Addfriend_ph":0.01812642,"Error_ph":0.00278868,"Help_ph":0.00906321,"Action_toSession":98.05263158,"Nextsong_toAct":0.83950617,"Downgrade_toAct":0.00805153,"Upgrade_toAct":5.3677E-4,"ThumbDown_toAct":0.01073537,"ThumbUp_toAct":0.03864734,"Home_toAct":0.02898551,"Adv_toAct":0.00268384,"Addtolist_toAct":0.0273752,"Set_toAct":0.00536769,"Addfriend_toAct":0.01395598,"Error_toAct":0.00214707,"Help_toAct":0.00697799,"Action_trend":0.67149211,"Nextsong_trend":0.66664352,"Nextsong_betweenHome":30.07692308}
{"label":0,"gender_num":1,"level_num":1,"Action_ph":3.92102567,"Session_ph":0.04915128,"Nextsong_ph":3.92102567,"Downgrade_ph":0.03461357,"Upgrade_ph":0.00692271,"ThumbDown_ph":0.05192036,"ThumbUp_ph":0.1917592,"Home_ph":0.17376014,"Adv_ph":0.06022762,"Addtolist_ph":0.10245618,"Set_ph":0.01661452,"Addfriend_ph":0.09899482,"Error_ph":0.0048459,"Help_ph":0.02353723,"Action_toSession":96.90140845,"Nextsong_toAct":0.82325581,"Downgrade_toAct":0.00726744,"Upgrade_toAct":0.00145349,"ThumbDown_toAct":0.01090116,"ThumbUp_toAct":0.04026163,"Home_toAct":0.03648256,"Adv_toAct":0.01264535,"Addtolist_toAct":0.02151163,"Set_toAct":0.00348837,"Addfriend_toAct":0.02078488,"Error_toAct":0.00101744,"Help_toAct":0.00494186,"Action_trend":1.12290498,"Nextsong_trend":1.13698881,"Nextsong_betweenHome":24.0}
{"label":1,"gender_num":1,"level_num":1,"Action_ph":3.61883198,"Session_ph":0.02732667,"Nextsong_ph":3.61883198,"Downgrade_ph":0.04684572,"Upgrade_ph":0.01561524,"ThumbDown_ph":0.05074953,"ThumbUp_ph":0.1561524,"Home_ph":0.1171143,"Adv_ph":0.01561524,"Addtolist_ph":0.1171143,"Set_ph":0.01951905,"Addfriend_ph":0.04684572,"Error_ph":0.0,"Help_ph":0.01951905,"Action_toSession":157.42857143,"Nextsong_toAct":0.84119782,"Downgrade_toAct":0.01088929,"Upgrade_toAct":0.00362976,"ThumbDown_toAct":0.01179673,"ThumbUp_toAct":0.03629764,"Home_toAct":0.02722323,"Adv_toAct":0.00362976,"Addtolist_toAct":0.02722323,"Set_toAct":0.00453721,"Addfriend_toAct":0.01088929,"Error_toAct":0.0,"Help_toAct":0.00453721,"Action_trend":0.99999093,"Nextsong_trend":0.99998921,"Nextsong_betweenHome":30.9}
