{"label":0,"gender_num":1,"level_num":0,"Action_ph":0.25913327,"Session_ph":0.00659612,"Nextsong_ph":0.25913327,"Downgrade_ph":0.0,"Upgrade_ph":0.00188461,"ThumbDown_ph":0.00471151,"ThumbUp_ph":0.01601915,"Home_ph":0.01036533,"Adv_ph":0.04899975,"Addtolist_ph":0.00659612,"Set_ph":0.0,"Addfriend_ph":0.00376921,"Error_ph":0.0,"Help_ph":0.00188461,"Action_toSession":54.42857143,"Nextsong_toAct":0.72178478,"Downgrade_toAct":0.0,"Upgrade_toAct":0.00524934,"ThumbDown_toAct":0.01312336,"ThumbUp_toAct":0.04461942,"Home_toAct":0.02887139,"Adv_toAct":0.13648294,"Addtolist_toAct":0.0183727,"Set_toAct":0.0,"Addfriend_toAct":0.01049869,"Error_toAct":0.0,"Help_toAct":0.00524934,"Action_trend":0.88409243,"Nextsong_trend":0.86659445,"Nextsong_betweenHome":22.91666667}
{"label":0,"gender_num":0,"level_num":1,"Action_ph":0.35442157,"Session_ph":0.00549491,"Nextsong_ph":0.35442157,"Downgrade_ph":0.00457909,"Upgrade_ph":0.00183164,"ThumbDown_ph":0.00549491,"ThumbUp_ph":0.01923218,"Home_ph":0.01831636,"Adv_ph":0.00641073,"Addtolist_ph":0.00732654,"Set_ph":0.00274745,"Addfriend_ph":0.00366327,"Error_ph":0.0,"Help_ph":0.00183164,"Action_toSession":79.0,"Nextsong_toAct":0.8164557,"Downgrade_toAct":0.01054852,"Upgrade_toAct":0.00421941,"ThumbDown_toAct":0.01265823,"ThumbUp_toAct":0.0443038,"Home_toAct":0.04219409,"Adv_toAct":0.01476793,"Addtolist_toAct":0.01687764,"Set_toAct":0.00632911,"Addfriend_toAct":0.00843882,"Error_toAct":0.0,"Help_toAct":0.00421941,"Action_trend":3.78276142,"Nextsong_trend":4.99791753,"Nextsong_betweenHome":19.35}
