{"label":0,"gender_num":0,"level_num":1,"Action_ph":0.66078214,"Session_ph":0.00589107,"Nextsong_ph":0.66078214,"Downgrade_ph":0.00687292,"Upgrade_ph":0.0,"ThumbDown_ph":0.00392738,"ThumbUp_ph":0.03632829,"Home_ph":0.02945537,"Adv_ph":9.8185E-4,"Addtolist_ph":0.00883661,"Set_ph":0.00687292,"Addfriend_ph":0.01178215,"Error_ph":0.0,"Help_ph":9.8185E-4,"Action_toSession":132.5,"Nextsong_toAct":0.84654088,"Downgrade_toAct":0.00880503,"Upgrade_toAct":0.0,"ThumbDown_toAct":0.00503145,"ThumbUp_toAct":0.04654088,"Home_toAct":0.03773585,"Adv_toAct":0.00125786,"Addtolist_toAct":0.01132075,"Set_toAct":0.00880503,"Addfriend_toAct":0.01509434,"Error_toAct":0.0,"Help_toAct":0.00125786,"Action_trend":0.33332691,"Nextsong_trend":0.34474099,"Nextsong_betweenHome":22.43333333}
