{"label":0,"gender_num":1,"level_num":1,"Action_ph":2.67114658,"Session_ph":0.04059919,"Nextsong_ph":2.67114658,"Downgrade_ph":0.01189976,"Upgrade_ph":6.9999E-4,"ThumbDown_ph":0.0251995,"ThumbUp_ph":0.2351953,"Home_ph":0.10779784,"Adv_ph":0.00349993,"Addtolist_ph":0.0748985,"Set_ph":0.01259975,"Addfriend_ph":0.06229875,"Error_ph":0.00349993,"Help_ph":0.01119978,"Action_toSession":80.32758621,"Nextsong_toAct":0.81905988,"Downgrade_toAct":0.00364885,"Upgrade_toAct":2.1464E-4,"ThumbDown_toAct":0.00772698,"ThumbUp_toAct":0.07211848,"Home_toAct":0.0330543,"Adv_toAct":0.00107319,"Addtolist_toAct":0.0229663,"Set_toAct":0.00386349,"Addfriend_toAct":0.01910281,"Error_toAct":0.00107319,"Help_toAct":0.00343421,"Action_trend":0.44394622,"Nextsong_trend":0.45146107,"Nextsong_betweenHome":25.95918367}
