{"label":0,"gender_num":0,"level_num":1,"Action_ph":1.36397557,"Session_ph":0.01312844,"Nextsong_ph":1.36397557,"Downgrade_ph":0.01796523,"Upgrade_ph":6.9097E-4,"ThumbDown_ph":0.00967359,"ThumbUp_ph":0.06495122,"Home_ph":0.05389569,"Adv_ph":0.00483679,"Addtolist_ph":0.03523949,"Set_ph":0.01451038,"Addfriend_ph":0.01589232,"Error_ph":6.9097E-4,"Help_ph":0.00829164,"Action_toSession":122.89473684,"Nextsong_toAct":0.84539615,"Downgrade_toAct":0.0111349,"Upgrade_toAct":4.2827E-4,"ThumbDown_toAct":0.00599572,"ThumbUp_toAct":0.04025696,"Home_toAct":0.03340471,"Adv_toAct":0.00299786,"Addtolist_toAct":0.02184154,"Set_toAct":0.00899358,"Addfriend_toAct":0.00985011,"Error_toAct":4.2827E-4,"Help_toAct":0.00513919,"Action_trend":3.08407124,"Nextsong_trend":3.10962969,"Nextsong_betweenHome":26.67567568}
