{"label":0,"gender_num":1,"level_num":1,"Action_ph":0.67754884,"Session_ph":0.00642226,"Nextsong_ph":0.67754884,"Downgrade_ph":0.00214075,"Upgrade_ph":0.00107038,"ThumbDown_ph":0.00642226,"ThumbUp_ph":0.02140755,"Home_ph":0.03104094,"Adv_ph":0.02033717,"Addtolist_ph":0.01605566,"Set_ph":0.00642226,"Addfriend_ph":0.01605566,"Error_ph":0.0,"Help_ph":0.00535189,"Action_toSession":127.33333333,"Nextsong_toAct":0.82853403,"Downgrade_toAct":0.0026178,"Upgrade_toAct":0.0013089,"ThumbDown_toAct":0.0078534,"ThumbUp_toAct":0.02617801,"Home_toAct":0.03795812,"Adv_toAct":0.02486911,"Addtolist_toAct":0.01963351,"Set_toAct":0.0078534,"Addfriend_toAct":0.01963351,"Error_toAct":0.0,"Help_toAct":0.0065445,"Action_trend":2.54591873,"Nextsong_trend":2.92128223,"Nextsong_betweenHome":24.34615385}
{"label":0,"gender_num":1,"level_num":0,"Action_ph":0.2532225,"Session_ph":0.00959735,"Nextsong_ph":0.2532225,"Downgrade_ph":0.0,"Upgrade_ph":0.00221477,"ThumbDown_ph":0.00221477,"ThumbUp_ph":0.00812084,"Home_ph":0.01993297,"Adv_ph":0.01624168,"Addtolist_ph":0.00738258,"Set_ph":0.00442955,"Addfriend_ph":0.00738258,"Error_ph":0.00147652,"Help_ph":7.3826E-4,"Action_toSession":34.23076923,"Nextsong_toAct":0.77078652,"Downgrade_toAct":0.0,"Upgrade_toAct":0.00674157,"ThumbDown_toAct":0.00674157,"ThumbUp_toAct":0.0247191,"Home_toAct":0.06067416,"Adv_toAct":0.0494382,"Addtolist_toAct":0.02247191,"Set_toAct":0.01348315,"Addfriend_toAct":0.02247191,"Error_toAct":0.00449438,"Help_toAct":0.00224719,"Action_trend":0.57639404,"Nextsong_trend":0.6034136,"Nextsong_betweenHome":13.72}
{"label":0,"gender_num":0,"level_num":0,"Action_ph":0.21117035,"Session_ph":0.0056205,"Nextsong_ph":0.21117035,"Downgrade_ph":0.0,"Upgrade_ph":0.00160586,"ThumbDown_ph":8.0293E-4,"ThumbUp_ph":0.01686151,"Home_ph":0.01204394,"Adv_ph":0.02007323,"Addtolist_ph":0.0056205,"Set_ph":8.0293E-4,"Addfriend_ph":0.00642343,"Error_ph":0.0,"Help_ph":8.0293E-4,"Action_toSession":50.14285714,"Nextsong_toAct":0.74928775,"Downgrade_toAct":0.0,"Upgrade_toAct":0.00569801,"ThumbDown_toAct":0.002849,"ThumbUp_toAct":0.05982906,"Home_toAct":0.04273504,"Adv_toAct":0.07122507,"Addtolist_toAct":0.01994302,"Set_toAct":0.002849,"Addfriend_toAct":0.02279202,"Error_toAct":0.0,"Help_toAct":0.002849,"Action_trend":0.72055291,"Nextsong_trend":0.77697453,"Nextsong_betweenHome":18.78571429}
