{"label":0,"gender_num":0,"level_num":1,"Action_ph":1.33441809,"Session_ph":0.00670983,"Nextsong_ph":1.33441809,"Downgrade_ph":0.00754856,"Upgrade_ph":0.0,"ThumbDown_ph":0.01761331,"ThumbUp_ph":0.06458215,"Home_ph":0.05116248,"Adv_ph":8.3873E-4,"Addtolist_ph":0.03271044,"Set_ph":0.00922602,"Addfriend_ph":0.02851679,"Error_ph":0.00335492,"Help_ph":0.00838729,"Action_toSession":235.375,"Nextsong_toAct":0.84492831,"Downgrade_toAct":0.00477961,"Upgrade_toAct":0.0,"ThumbDown_toAct":0.01115242,"ThumbUp_toAct":0.04089219,"Home_toAct":0.03239511,"Adv_toAct":5.3107E-4,"Addtolist_toAct":0.02071163,"Set_toAct":0.00584174,"Addfriend_toAct":0.01805629,"Error_toAct":0.00212427,"Help_toAct":0.00531067,"Action_trend":2.30074997,"Nextsong_trend":2.32988351,"Nextsong_betweenHome":26.51666667}
