{"label":0,"gender_num":0,"level_num":1,"Action_ph":1.53807288,"Session_ph":0.01114546,"Nextsong_ph":1.53807288,"Downgrade_ph":0.01560364,"Upgrade_ph":7.4303E-4,"ThumbDown_ph":0.01783273,"ThumbUp_ph":0.07058789,"Home_ph":0.05275516,"Adv_ph":0.01263152,"Addtolist_ph":0.04978304,"Set_ph":0.01263152,"Addfriend_ph":0.03046425,"Error_ph":7.4303E-4,"Help_ph":0.00965939,"Action_toSession":164.6,"Nextsong_toAct":0.83839611,"Downgrade_toAct":0.00850547,"Upgrade_toAct":4.0502E-4,"ThumbDown_toAct":0.00972053,"ThumbUp_toAct":0.03847712,"Home_toAct":0.02875658,"Adv_toAct":0.00688538,"Addtolist_toAct":0.02713649,"Set_toAct":0.00688538,"Addfriend_toAct":0.01660591,"Error_toAct":4.0502E-4,"Help_toAct":0.00526529,"Action_trend":3.29330914,"Nextsong_trend":3.53713746,"Nextsong_betweenHome":30.89552239}
{"label":0,"gender_num":1,"level_num":1,"Action_ph":2.56003609,"Session_ph":0.04440591,"Nextsong_ph":2.56003609,"Downgrade_ph":0.01762139,"Upgrade_ph":0.0,"ThumbDown_ph":0.01973596,"ThumbUp_ph":0.21357129,"Home_ph":0.10643322,"Adv_ph":0.00775341,"Addtolist_ph":0.0796487,"Set_ph":0.01621168,"Addfriend_ph":0.04440591,"Error_ph":0.00352428,"Help_ph":0.01903111,"Action_toSession":70.28571429,"Nextsong_toAct":0.82023487,"Downgrade_toAct":0.00564589,"Upgrade_toAct":0.0,"ThumbDown_toAct":0.0063234,"ThumbUp_toAct":0.06842818,"Home_toAct":0.03410117,"Adv_toAct":0.00248419,"Addtolist_toAct":0.02551942,"Set_toAct":0.00519422,"Addfriend_toAct":0.01422764,"Error_toAct":0.00112918,"Help_toAct":0.00609756,"Action_trend":0.45163068,"Nextsong_trend":0.4485724,"Nextsong_betweenHome":24.54054054}
