{"label":0,"gender_num":1,"level_num":1,"Action_ph":14.32360743,"Session_ph":0.066313,"Nextsong_ph":14.32360743,"Downgrade_ph":0.13262599,"Upgrade_ph":0.0,"ThumbDown_ph":0.13262599,"ThumbUp_ph":0.33156499,"Home_ph":0.72944297,"Adv_ph":0.0,"Addtolist_ph":0.53050398,"Set_ph":0.066313,"Addfriend_ph":0.26525199,"Error_ph":0.0,"Help_ph":0.0,"Action_toSession":259.0,"Nextsong_toAct":0.83397683,"Downgrade_toAct":0.00772201,"Upgrade_toAct":0.0,"ThumbDown_toAct":0.00772201,"ThumbUp_toAct":0.01930502,"Home_toAct":0.04247104,"Adv_toAct":0.0,"Addtolist_toAct":0.03088803,"Set_toAct":0.003861,"Addfriend_toAct":0.01544402,"Error_toAct":0.0,"Help_toAct":0.0,"Action_trend":0.99996139,"Nextsong_trend":0.99995371,"Nextsong_betweenHome":19.63636364}
{"label":0,"gender_num":1,"level_num":1,"Action_ph":1.28131083,"Session_ph":0.01925175,"Nextsong_ph":1.28131083,"Downgrade_ph":0.00855633,"Upgrade_ph":7.1303E-4,"ThumbDown_ph":0.01140844,"ThumbUp_ph":0.12050169,"Home_ph":0.04563377,"Adv_ph":0.00142606,"Addtolist_ph":0.04492075,"Set_ph":0.00998239,"Addfriend_ph":0.02210386,"Error_ph":0.00213908,"Help_ph":0.00713028,"Action_toSession":81.85185185,"Nextsong_toAct":0.81312217,"Downgrade_toAct":0.00542986,"Upgrade_toAct":4.5249E-4,"ThumbDown_toAct":0.00723982,"ThumbUp_toAct":0.07647059,"Home_toAct":0.02895928,"Adv_toAct":9.0498E-4,"Addtolist_toAct":0.02850679,"Set_toAct":0.00633484,"Addfriend_toAct":0.01402715,"Error_toAct":0.00135747,"Help_toAct":0.00452489,"Action_trend":1.72094516,"Nextsong_trend":1.72860584,"Nextsong_betweenHome":27.64615385}
{"label":0,"gender_num":1,"level_num":1,"Action_ph":13.83647799,"Session_ph":0.1572327,"Nextsong_ph":13.83647799,"Downgrade_ph":0.0,"Upgrade_ph":0.0,"ThumbDown_ph":0.0,"ThumbUp_ph":0.94339623,"Home_ph":0.31446541,"Adv_ph":0.0,"Addtolist_ph":0.31446541,"Set_ph":0.1572327,"Addfriend_ph":0.31446541,"Error_ph":0.0,"Help_ph":0.0,"Action_toSession":102.0,"Nextsong_toAct":0.8627451,"Downgrade_toAct":0.0,"Upgrade_toAct":0.0,"ThumbDown_toAct":0.0,"ThumbUp_toAct":0.05882353,"Home_toAct":0.01960784,"Adv_toAct":0.0,"Addtolist_toAct":0.01960784,"Set_toAct":0.00980392,"Addfriend_toAct":0.01960784,"Error_toAct":0.0,"Help_toAct":0.0,"Action_trend":0.99990197,"Nextsong_trend":0.99988638,"Nextsong_betweenHome":29.33333333}
