{"label":0,"gender_num":0,"level_num":1,"Action_ph":0.44201642,"Session_ph":0.00828781,"Nextsong_ph":0.44201642,"Downgrade_ph":0.00207195,"Upgrade_ph":0.00207195,"ThumbDown_ph":0.0027626,"ThumbUp_ph":0.02417277,"Home_ph":0.02141017,"Adv_ph":0.02969798,"Addtolist_ph":0.01174106,"Set_ph":0.00345325,"Addfriend_ph":0.00897846,"Error_ph":0.0,"Help_ph":0.00483455,"Action_toSession":67.91666667,"Nextsong_toAct":0.78527607,"Downgrade_toAct":0.00368098,"Upgrade_toAct":0.00368098,"ThumbDown_toAct":0.00490798,"ThumbUp_toAct":0.04294479,"Home_toAct":0.03803681,"Adv_toAct":0.05276074,"Addtolist_toAct":0.0208589,"Set_toAct":0.00613497,"Addfriend_toAct":0.01595092,"Error_toAct":0.0,"Help_toAct":0.00858896,"Action_trend":1.85592576,"Nextsong_trend":1.79301512,"Nextsong_betweenHome":20.64516129}
{"label":0,"gender_num":1,"level_num":0,"Action_ph":1.16739026,"Session_ph":0.02274137,"Nextsong_ph":1.16739026,"Downgrade_ph":0.01033699,"Upgrade_ph":0.00344566,"ThumbDown_ph":0.01722831,"ThumbUp_ph":0.06271105,"Home_ph":0.04617187,"Adv_ph":0.03445662,"Addtolist_ph":0.03170009,"Set_ph":0.00689132,"Addfriend_ph":0.02205224,"Error_ph":0.00344566,"Help_ph":0.01240438,"Action_toSession":63.36363636,"Nextsong_toAct":0.81013869,"Downgrade_toAct":0.0071736,"Upgrade_toAct":0.0023912,"ThumbDown_toAct":0.011956,"ThumbUp_toAct":0.04351985,"Home_toAct":0.03204209,"Adv_toAct":0.023912,"Addtolist_toAct":0.02199904,"Set_toAct":0.0047824,"Addfriend_toAct":0.01530368,"Error_toAct":0.0023912,"Help_toAct":0.00860832,"Action_trend":0.3307989,"Nextsong_trend":0.31388014,"Nextsong_betweenHome":26.88888889}
