{"label":0,"gender_num":1,"level_num":1,"Action_ph":0.70319558,"Session_ph":0.00651969,"Nextsong_ph":0.70319558,"Downgrade_ph":0.012108,"Upgrade_ph":0.0,"ThumbDown_ph":0.00558831,"ThumbUp_ph":0.02701016,"Home_ph":0.03259847,"Adv_ph":0.0,"Addtolist_ph":0.012108,"Set_ph":0.00558831,"Addfriend_ph":0.0186277,"Error_ph":0.0,"Help_ph":0.00372554,"Action_toSession":128.42857143,"Nextsong_toAct":0.83982202,"Downgrade_toAct":0.01446051,"Upgrade_toAct":0.0,"ThumbDown_toAct":0.00667408,"ThumbUp_toAct":0.03225806,"Home_toAct":0.03893215,"Adv_toAct":0.0,"Addtolist_toAct":0.01446051,"Set_toAct":0.00667408,"Addfriend_toAct":0.02224694,"Error_toAct":0.0,"Help_toAct":0.00444939,"Action_trend":0.67755426,"Nextsong_trend":0.67407593,"Nextsong_betweenHome":22.20588235}
