{"label":0,"gender_num":1,"level_num":1,"Action_ph":0.8339767,"Session_ph":0.00987486,"Nextsong_ph":0.8339767,"Downgrade_ph":0.00448857,"Upgrade_ph":0.00269314,"ThumbDown_ph":0.00448857,"ThumbUp_ph":0.03770401,"Home_ph":0.03501086,"Adv_ph":0.00987486,"Addtolist_ph":0.02423829,"Set_ph":0.00269314,"Addfriend_ph":0.01526115,"Error_ph":0.0,"Help_ph":0.00448857,"Action_toSession":100.18181818,"Nextsong_toAct":0.8430127,"Downgrade_toAct":0.00453721,"Upgrade_toAct":0.00272232,"ThumbDown_toAct":0.00453721,"ThumbUp_toAct":0.03811252,"Home_toAct":0.0353902,"Adv_toAct":0.00998185,"Addtolist_toAct":0.02450091,"Set_toAct":0.00272232,"Addfriend_toAct":0.0154265,"Error_toAct":0.0,"Help_toAct":0.00453721,"Action_trend":0.24741904,"Nextsong_trend":0.24041393,"Nextsong_betweenHome":25.10810811}
{"label":0,"gender_num":0,"level_num":0,"Action_ph":0.29949132,"Session_ph":0.00902989,"Nextsong_ph":0.29949132,"Downgrade_ph":0.0,"Upgrade_ph":0.00225747,"ThumbDown_ph":0.00225747,"ThumbUp_ph":0.02106974,"Home_ph":0.01956476,"Adv_ph":0.0240797,"Addtolist_ph":0.00376245,"Set_ph":0.00225747,"Addfriend_ph":0.00526744,"Error_ph":0.0,"Help_ph":0.00225747,"Action_toSession":43.16666667,"Nextsong_toAct":0.76833977,"Downgrade_toAct":0.0,"Upgrade_toAct":0.00579151,"ThumbDown_toAct":0.00579151,"ThumbUp_toAct":0.05405405,"Home_toAct":0.05019305,"Adv_toAct":0.06177606,"Addtolist_toAct":0.00965251,"Set_toAct":0.00579151,"Addfriend_toAct":0.01351351,"Error_toAct":0.0,"Help_toAct":0.00579151,"Action_trend":0.22976603,"Nextsong_trend":0.21137352,"Nextsong_betweenHome":15.30769231}
