{"label":1,"gender_num":0,"level_num":1,"Action_ph":3.39329354,"Session_ph":0.0240375,"Nextsong_ph":3.39329354,"Downgrade_ph":0.03605625,"Upgrade_ph":0.00400625,"ThumbDown_ph":0.0400625,"ThumbUp_ph":0.18829374,"Home_ph":0.13821562,"Adv_ph":0.02203437,"Addtolist_ph":0.10015624,"Set_ph":0.02203437,"Addfriend_ph":0.03805937,"Error_ph":0.0,"Help_ph":0.02604062,"Action_toSession":168.91666667,"Nextsong_toAct":0.83571781,"Downgrade_toAct":0.00888012,"Upgrade_toAct":9.8668E-4,"ThumbDown_toAct":0.0098668,"ThumbUp_toAct":0.04637395,"Home_toAct":0.03404045,"Adv_toAct":0.00542674,"Addtolist_toAct":0.024667,"Set_toAct":0.00542674,"Addfriend_toAct":0.00937346,"Error_toAct":0.0,"Help_toAct":0.00641342,"Action_trend":1.70086423,"Nextsong_trend":1.73992306,"Nextsong_betweenHome":27.32258065}
