{"label":0,"gender_num":1,"level_num":1,"Action_ph":1.29108065,"Session_ph":0.01361295,"Nextsong_ph":1.29108065,"Downgrade_ph":0.01432942,"Upgrade_ph":0.00286588,"ThumbDown_ph":0.0171953,"ThumbUp_ph":0.06591533,"Home_ph":0.05086944,"Adv_ph":0.01218001,"Addtolist_ph":0.03725649,"Set_ph":0.00931412,"Addfriend_ph":0.02865884,"Error_ph":0.00143294,"Help_ph":0.00644824,"Action_toSession":114.52631579,"Nextsong_toAct":0.828125,"Downgrade_toAct":0.00919118,"Upgrade_toAct":0.00183824,"ThumbDown_toAct":0.01102941,"ThumbUp_toAct":0.04227941,"Home_toAct":0.03262868,"Adv_toAct":0.0078125,"Addtolist_toAct":0.02389706,"Set_toAct":0.00597426,"Addfriend_toAct":0.01838235,"Error_toAct":9.1912E-4,"Help_toAct":0.00413603,"Action_trend":3.48568884,"Nextsong_trend":3.40760157,"Nextsong_betweenHome":26.5}
