{"label":1,"gender_num":1,"level_num":1,"Action_ph":0.10506624,"Session_ph":0.01025037,"Nextsong_ph":0.10506624,"Downgrade_ph":0.0,"Upgrade_ph":0.00512518,"ThumbDown_ph":0.00256259,"ThumbUp_ph":0.00768777,"Home_ph":0.01537555,"Adv_ph":0.00512518,"Addtolist_ph":0.00256259,"Set_ph":0.00256259,"Addfriend_ph":0.00256259,"Error_ph":0.0,"Help_ph":0.0,"Action_toSession":15.5,"Nextsong_toAct":0.66129032,"Downgrade_toAct":0.0,"Upgrade_toAct":0.03225806,"ThumbDown_toAct":0.01612903,"ThumbUp_toAct":0.0483871,"Home_toAct":0.09677419,"Adv_toAct":0.03225806,"Addtolist_toAct":0.01612903,"Set_toAct":0.01612903,"Addfriend_toAct":0.01612903,"Error_toAct":0.0,"Help_toAct":0.0,"Action_trend":6.65926748,"Nextsong_trend":8.18363273,"Nextsong_betweenHome":8.2}
