{"label":0,"gender_num":0,"level_num":1,"Action_ph":0.46644478,"Session_ph":0.010401,"Nextsong_ph":0.46644478,"Downgrade_ph":0.00400038,"Upgrade_ph":8.0008E-4,"ThumbDown_ph":0.00320031,"ThumbUp_ph":0.0448043,"Home_ph":0.02000192,"Adv_ph":0.00160015,"Addtolist_ph":0.020802,"Set_ph":0.00320031,"Addfriend_ph":0.00880084,"Error_ph":8.0008E-4,"Help_ph":0.0,"Action_toSession":56.53846154,"Nextsong_toAct":0.79319728,"Downgrade_toAct":0.00680272,"Upgrade_toAct":0.00136054,"ThumbDown_toAct":0.00544218,"ThumbUp_toAct":0.07619048,"Home_toAct":0.03401361,"Adv_toAct":0.00272109,"Addtolist_toAct":0.03537415,"Set_toAct":0.00544218,"Addfriend_toAct":0.01496599,"Error_toAct":0.00136054,"Help_toAct":0.0,"Action_trend":1.21133287,"Nextsong_trend":1.20201026,"Nextsong_betweenHome":23.32}
