{"label":0,"gender_num":0,"level_num":0,"Action_ph":0.34990164,"Session_ph":0.01088906,"Nextsong_ph":0.34990164,"Downgrade_ph":0.00362969,"Upgrade_ph":0.00435562,"ThumbDown_ph":0.00145187,"ThumbUp_ph":0.0137928,"Home_ph":0.02250405,"Adv_ph":0.02177811,"Addtolist_ph":0.00871124,"Set_ph":0.00362969,"Addfriend_ph":0.01234093,"Error_ph":0.0,"Help_ph":0.00362969,"Action_toSession":42.0,"Nextsong_toAct":0.76507937,"Downgrade_toAct":0.00793651,"Upgrade_toAct":0.00952381,"ThumbDown_toAct":0.0031746,"ThumbUp_toAct":0.03015873,"Home_toAct":0.04920635,"Adv_toAct":0.04761905,"Addtolist_toAct":0.01904762,"Set_toAct":0.00793651,"Addfriend_toAct":0.02698413,"Error_toAct":0.0,"Help_toAct":0.00793651,"Action_trend":3.75745847,"Nextsong_trend":3.50989151,"Nextsong_betweenHome":16.62068966}
{"label":0,"gender_num":0,"level_num":1,"Action_ph":1.84009847,"Session_ph":0.02131654,"Nextsong_ph":1.84009847,"Downgrade_ph":0.02200417,"Upgrade_ph":0.00412578,"ThumbDown_ph":0.02200417,"ThumbUp_ph":0.08114037,"Home_ph":0.08045274,"Adv_ph":0.01100208,"Addtolist_ph":0.05294753,"Set_ph":0.00825156,"Addfriend_ph":0.02750521,"Error_ph":0.00206289,"Help_ph":0.01031445,"Action_toSession":102.93548387,"Nextsong_toAct":0.83860859,"Downgrade_toAct":0.0100282,"Upgrade_toAct":0.00188029,"ThumbDown_toAct":0.0100282,"ThumbUp_toAct":0.036979,"Home_toAct":0.03666562,"Adv_toAct":0.0050141,"Addtolist_toAct":0.02413037,"Set_toAct":0.00376058,"Addfriend_toAct":0.01253526,"Error_toAct":9.4014E-4,"Help_toAct":0.00470072,"Action_trend":1.86196858,"Nextsong_trend":2.03393122,"Nextsong_betweenHome":23.68141593}
