{"label":1,"gender_num":0,"level_num":1,"Action_ph":14.35963777,"Session_ph":0.12936611,"Nextsong_ph":14.35963777,"Downgrade_ph":0.25873221,"Upgrade_ph":0.0,"ThumbDown_ph":0.12936611,"ThumbUp_ph":1.42302717,"Home_ph":0.38809832,"Adv_ph":0.25873221,"Addtolist_ph":0.51746442,"Set_ph":0.12936611,"Addfriend_ph":0.51746442,"Error_ph":0.0,"Help_ph":0.12936611,"Action_toSession":143.0,"Nextsong_toAct":0.77622378,"Downgrade_toAct":0.01398601,"Upgrade_toAct":0.0,"ThumbDown_toAct":0.00699301,"ThumbUp_toAct":0.07692308,"Home_toAct":0.02097902,"Adv_toAct":0.01398601,"Addtolist_toAct":0.02797203,"Set_toAct":0.00699301,"Addfriend_toAct":0.02797203,"Error_toAct":0.0,"Help_toAct":0.00699301,"Action_trend":0.99993007,"Nextsong_trend":0.99990992,"Nextsong_betweenHome":27.75}
{"label":0,"gender_num":1,"level_num":0,"Action_ph":0.24894165,"Session_ph":0.0056258,"Nextsong_ph":0.24894165,"Downgrade_ph":0.0,"Upgrade_ph":0.00140645,"ThumbDown_ph":0.0028129,"ThumbUp_ph":0.0168774,"Home_ph":0.0196903,"Adv_ph":0.0253161,"Addtolist_ph":0.0056258,"Set_ph":0.00703225,"Addfriend_ph":0.00421935,"Error_ph":0.0,"Help_ph":0.0,"Action_toSession":60.0,"Nextsong_toAct":0.7375,"Downgrade_toAct":0.0,"Upgrade_toAct":0.00416667,"ThumbDown_toAct":0.00833333,"ThumbUp_toAct":0.05,"Home_toAct":0.05833333,"Adv_toAct":0.075,"Addtolist_toAct":0.01666667,"Set_toAct":0.02083333,"Addfriend_toAct":0.0125,"Error_toAct":0.0,"Help_toAct":0.0,"Action_trend":0.50940192,"Nextsong_trend":0.53908356,"Nextsong_betweenHome":16.09090909}
