{"label":0,"gender_num":0,"level_num":1,"Action_ph":1.31920726,"Session_ph":0.02120425,"Nextsong_ph":1.31920726,"Downgrade_ph":0.02120425,"Upgrade_ph":0.0,"ThumbDown_ph":0.04089391,"ThumbUp_ph":0.06437004,"Home_ph":0.05225333,"Adv_ph":7.5729E-4,"Addtolist_ph":0.05073874,"Set_ph":0.0136313,"Addfriend_ph":0.01590319,"Error_ph":7.5729E-4,"Help_ph":0.00681565,"Action_toSession":76.07142857,"Nextsong_toAct":0.81784038,"Downgrade_toAct":0.01314554,"Upgrade_toAct":0.0,"ThumbDown_toAct":0.02535211,"ThumbUp_toAct":0.0399061,"Home_toAct":0.03239437,"Adv_toAct":4.6948E-4,"Addtolist_toAct":0.0314554,"Set_toAct":0.0084507,"Addfriend_toAct":0.00985915,"Error_toAct":4.6948E-4,"Help_toAct":0.00422535,"Action_trend":1.13267053,"Nextsong_trend":1.18837709,"Nextsong_betweenHome":26.8}
{"label":0,"gender_num":1,"level_num":1,"Action_ph":0.30860839,"Session_ph":0.00593478,"Nextsong_ph":0.30860839,"Downgrade_ph":0.0,"Upgrade_ph":9.8913E-4,"ThumbDown_ph":0.00395652,"ThumbUp_ph":0.03461953,"Home_ph":0.01483694,"Adv_ph":0.00197826,"Addtolist_ph":0.00890217,"Set_ph":0.0,"Addfriend_ph":0.00791304,"Error_ph":9.8913E-4,"Help_ph":0.00197826,"Action_toSession":65.66666667,"Nextsong_toAct":0.79187817,"Downgrade_toAct":0.0,"Upgrade_toAct":0.00253807,"ThumbDown_toAct":0.01015228,"ThumbUp_toAct":0.08883249,"Home_toAct":0.03807107,"Adv_toAct":0.00507614,"Addtolist_toAct":0.02284264,"Set_toAct":0.0,"Addfriend_toAct":0.02030457,"Error_toAct":0.00253807,"Help_toAct":0.00507614,"Action_trend":0.15059787,"Nextsong_trend":0.14339082,"Nextsong_betweenHome":19.5}
