{"label":0,"gender_num":0,"level_num":1,"Action_ph":0.29283729,"Session_ph":0.00524485,"Nextsong_ph":0.29283729,"Downgrade_ph":0.00262242,"Upgrade_ph":0.0,"ThumbDown_ph":0.00174828,"ThumbUp_ph":0.03321736,"Home_ph":0.01048969,"Adv_ph":0.0,"Addtolist_ph":0.00611899,"Set_ph":0.00174828,"Addfriend_ph":0.00699313,"Error_ph":0.0,"Help_ph":0.00174828,"Action_toSession":68.5,"Nextsong_toAct":0.81508516,"Downgrade_toAct":0.00729927,"Upgrade_toAct":0.0,"ThumbDown_toAct":0.00486618,"ThumbUp_toAct":0.09245742,"Home_toAct":0.02919708,"Adv_toAct":0.0,"Addtolist_toAct":0.01703163,"Set_toAct":0.00486618,"Addfriend_toAct":0.01946472,"Error_toAct":0.0,"Help_toAct":0.00486618,"Action_trend":2.7361149,"Nextsong_trend":2.94083049,"Nextsong_betweenHome":27.91666667}
{"label":0,"gender_num":0,"level_num":1,"Action_ph":1.68336477,"Session_ph":0.01963108,"Nextsong_ph":1.68336477,"Downgrade_ph":0.01752775,"Upgrade_ph":0.00140222,"ThumbDown_ph":0.01542442,"ThumbUp_ph":0.08062763,"Home_ph":0.08062763,"Adv_ph":0.0210333,"Addtolist_ph":0.04066437,"Set_ph":0.00911443,"Addfriend_ph":0.03154994,"Error_ph":0.00210333,"Help_ph":0.01051665,"Action_toSession":103.25,"Nextsong_toAct":0.83050847,"Downgrade_toAct":0.00864753,"Upgrade_toAct":6.918E-4,"ThumbDown_toAct":0.00760982,"ThumbUp_toAct":0.03977862,"Home_toAct":0.03977862,"Adv_toAct":0.01037703,"Addtolist_toAct":0.02006226,"Set_toAct":0.00449671,"Addfriend_toAct":0.01556555,"Error_toAct":0.0010377,"Help_toAct":0.00518852,"Action_trend":3.6596452,"Nextsong_trend":4.01675619,"Nextsong_betweenHome":22.23148148}
