{"label":0,"gender_num":1,"level_num":1,"Action_ph":1.76702885,"Session_ph":0.01784878,"Nextsong_ph":1.76702885,"Downgrade_ph":0.02007987,"Upgrade_ph":0.0022311,"ThumbDown_ph":0.02007987,"ThumbUp_ph":0.09444977,"Home_ph":0.0721388,"Adv_ph":0.01933617,"Addtolist_ph":0.04610934,"Set_ph":0.01189918,"Addfriend_ph":0.03867235,"Error_ph":0.0014874,"Help_ph":0.01041179,"Action_toSession":119.5,"Nextsong_toAct":0.82845188,"Downgrade_toAct":0.00941423,"Upgrade_toAct":0.00104603,"ThumbDown_toAct":0.00941423,"ThumbUp_toAct":0.04428173,"Home_toAct":0.03382148,"Adv_toAct":0.00906555,"Addtolist_toAct":0.02161785,"Set_toAct":0.0055788,"Addfriend_toAct":0.0181311,"Error_toAct":6.9735E-4,"Help_toAct":0.00488145,"Action_trend":1.09773882,"Nextsong_trend":1.13197736,"Nextsong_betweenHome":24.75}
{"label":0,"gender_num":0,"level_num":1,"Action_ph":2.21900661,"Session_ph":0.01685855,"Nextsong_ph":2.21900661,"Downgrade_ph":0.02880002,"Upgrade_ph":7.0244E-4,"ThumbDown_ph":0.02177563,"ThumbUp_ph":0.11590253,"Home_ph":0.09272202,"Adv_ph":0.00632196,"Addtolist_ph":0.05830248,"Set_ph":0.01194147,"Addfriend_ph":0.02880002,"Error_ph":0.00280976,"Help_ph":0.01685855,"Action_toSession":156.70833333,"Nextsong_toAct":0.83993619,"Downgrade_toAct":0.01090136,"Upgrade_toAct":2.6589E-4,"ThumbDown_toAct":0.00824249,"ThumbUp_toAct":0.04387131,"Home_toAct":0.03509705,"Adv_toAct":0.00239298,"Addtolist_toAct":0.0220686,"Set_toAct":0.00452007,"Addfriend_toAct":0.01090136,"Error_toAct":0.00106355,"Help_toAct":0.00638128,"Action_trend":2.69603387,"Nextsong_trend":2.86369224,"Nextsong_betweenHome":25.47580645}
