{"label":0,"gender_num":0,"level_num":1,"Action_ph":1.45600049,"Session_ph":0.01141066,"Nextsong_ph":1.45600049,"Downgrade_ph":0.0212999,"Upgrade_ph":0.0,"ThumbDown_ph":0.01064995,"ThumbUp_ph":0.06161758,"Home_ph":0.07074611,"Adv_ph":7.6071E-4,"Addtolist_ph":0.04488194,"Set_ph":0.01217137,"Addfriend_ph":0.02358204,"Error_ph":0.00152142,"Help_ph":0.00608569,"Action_toSession":151.86666667,"Nextsong_toAct":0.84021071,"Downgrade_toAct":0.01229148,"Upgrade_toAct":0.0,"ThumbDown_toAct":0.00614574,"ThumbUp_toAct":0.03555751,"Home_toAct":0.04082529,"Adv_toAct":4.3898E-4,"Addtolist_toAct":0.02589991,"Set_toAct":0.00702371,"Addfriend_toAct":0.01360843,"Error_toAct":8.7796E-4,"Help_toAct":0.00351185,"Action_trend":0.64335022,"Nextsong_trend":0.64886538,"Nextsong_betweenHome":21.26666667}
{"label":1,"gender_num":1,"level_num":1,"Action_ph":2.76595952,"Session_ph":0.0360227,"Nextsong_ph":2.76595952,"Downgrade_ph":0.03796988,"Upgrade_ph":9.7359E-4,"ThumbDown_ph":0.02823401,"ThumbUp_ph":0.15869462,"Home_ph":0.12559267,"Adv_ph":0.04575857,"Addtolist_ph":0.07009823,"Set_ph":0.01655097,"Addfriend_ph":0.03212836,"Error_ph":9.7359E-4,"Help_ph":0.01655097,"Action_toSession":92.89189189,"Nextsong_toAct":0.82659296,"Downgrade_toAct":0.01134711,"Upgrade_toAct":2.9095E-4,"ThumbDown_toAct":0.00843759,"ThumbUp_toAct":0.04742508,"Home_toAct":0.03753273,"Adv_toAct":0.01367472,"Addtolist_toAct":0.0209485,"Set_toAct":0.00494617,"Addfriend_toAct":0.0096014,"Error_toAct":2.9095E-4,"Help_toAct":0.00494617,"Action_trend":0.75741447,"Nextsong_trend":0.7302975,"Nextsong_betweenHome":24.92105263}
