{"label":0,"gender_num":1,"level_num":1,"Action_ph":1.01922019,"Session_ph":0.01285632,"Nextsong_ph":1.01922019,"Downgrade_ph":0.00571392,"Upgrade_ph":7.1424E-4,"ThumbDown_ph":0.0107136,"ThumbUp_ph":0.09427965,"Home_ph":0.02928383,"Adv_ph":0.0,"Addtolist_ph":0.03142655,"Set_ph":0.00428544,"Addfriend_ph":0.01499904,"Error_ph":0.00142848,"Help_ph":0.00499968,"Action_toSession":95.61111111,"Nextsong_toAct":0.82916909,"Downgrade_toAct":0.00464846,"Upgrade_toAct":5.8106E-4,"ThumbDown_toAct":0.00871586,"ThumbUp_toAct":0.07669959,"Home_toAct":0.02382336,"Adv_toAct":0.0,"Addtolist_toAct":0.02556653,"Set_toAct":0.00348635,"Addfriend_toAct":0.01220221,"Error_toAct":0.00116212,"Help_toAct":0.0040674,"Action_trend":0.19010169,"Nextsong_trend":0.18066275,"Nextsong_betweenHome":36.58974359}
{"label":0,"gender_num":1,"level_num":1,"Action_ph":0.85681941,"Session_ph":0.01479826,"Nextsong_ph":0.85681941,"Downgrade_ph":0.00221974,"Upgrade_ph":0.00517939,"ThumbDown_ph":0.00887896,"ThumbUp_ph":0.0392154,"Home_ph":0.03181626,"Adv_ph":0.02515705,"Addtolist_ph":0.017018,"Set_ph":0.00295965,"Addfriend_ph":0.02589696,"Error_ph":7.3991E-4,"Help_ph":0.00517939,"Action_toSession":69.95,"Nextsong_toAct":0.8277341,"Downgrade_toAct":0.00214439,"Upgrade_toAct":0.00500357,"ThumbDown_toAct":0.00857756,"ThumbUp_toAct":0.0378842,"Home_toAct":0.03073624,"Adv_toAct":0.02430307,"Addtolist_toAct":0.01644031,"Set_toAct":0.00285919,"Addfriend_toAct":0.02501787,"Error_toAct":7.148E-4,"Help_toAct":0.00500357,"Action_trend":2.74875566,"Nextsong_trend":3.22541308,"Nextsong_betweenHome":28.24390244}
