{"label":1,"gender_num":0,"level_num":1,"Action_ph":1.41334042,"Session_ph":0.01707391,"Nextsong_ph":1.41334042,"Downgrade_ph":0.01233116,"Upgrade_ph":0.0018971,"ThumbDown_ph":0.01138261,"ThumbUp_ph":0.08536956,"Home_ph":0.05027318,"Adv_ph":0.0037942,"Addtolist_ph":0.03889058,"Set_ph":0.00663985,"Addfriend_ph":0.02466232,"Error_ph":0.0018971,"Help_ph":0.00853696,"Action_toSession":98.61111111,"Nextsong_toAct":0.83943662,"Downgrade_toAct":0.00732394,"Upgrade_toAct":0.00112676,"ThumbDown_toAct":0.00676056,"ThumbUp_toAct":0.05070423,"Home_toAct":0.02985915,"Adv_toAct":0.00225352,"Addtolist_toAct":0.02309859,"Set_toAct":0.00394366,"Addfriend_toAct":0.01464789,"Error_toAct":0.00112676,"Help_toAct":0.00507042,"Action_trend":0.82487952,"Nextsong_trend":0.78522172,"Nextsong_betweenHome":29.8}
