{"label":0,"gender_num":0,"level_num":0,"Action_ph":0.41544798,"Session_ph":0.00955053,"Nextsong_ph":0.41544798,"Downgrade_ph":0.0,"Upgrade_ph":0.00238763,"ThumbDown_ph":0.01193816,"ThumbUp_ph":0.01910106,"Home_ph":0.0226825,"Adv_ph":0.04058975,"Addtolist_ph":0.00596908,"Set_ph":0.00238763,"Addfriend_ph":0.0071629,"Error_ph":0.00119382,"Help_ph":0.00238763,"Action_toSession":57.0,"Nextsong_toAct":0.76315789,"Downgrade_toAct":0.0,"Upgrade_toAct":0.00438596,"ThumbDown_toAct":0.02192982,"ThumbUp_toAct":0.03508772,"Home_toAct":0.04166667,"Adv_toAct":0.0745614,"Addtolist_toAct":0.01096491,"Set_toAct":0.00438596,"Addfriend_toAct":0.01315789,"Error_toAct":0.00219298,"Help_toAct":0.00438596,"Action_trend":0.12050973,"Nextsong_trend":0.11409013,"Nextsong_betweenHome":18.31578947}
