{"label":1,"gender_num":1,"level_num":0,"Action_ph":0.2473999,"Session_ph":0.00840679,"Nextsong_ph":0.2473999,"Downgrade_ph":0.0,"Upgrade_ph":0.0,"ThumbDown_ph":0.00600485,"ThumbUp_ph":0.02281844,"Home_ph":0.01441164,"Adv_ph":0.02161747,"Addtolist_ph":0.00360291,"Set_ph":0.0,"Addfriend_ph":0.0,"Error_ph":0.0,"Help_ph":0.0,"Action_toSession":38.28571429,"Nextsong_toAct":0.76865672,"Downgrade_toAct":0.0,"Upgrade_toAct":0.0,"ThumbDown_toAct":0.01865672,"ThumbUp_toAct":0.07089552,"Home_toAct":0.04477612,"Adv_toAct":0.06716418,"Addtolist_toAct":0.01119403,"Set_toAct":0.0,"Addfriend_toAct":0.0,"Error_toAct":0.0,"Help_toAct":0.0,"Action_trend":2.73945211,"Nextsong_trend":2.69161753,"Nextsong_betweenHome":17.16666667}
{"label":0,"gender_num":0,"level_num":1,"Action_ph":0.81476057,"Session_ph":0.01443879,"Nextsong_ph":0.81476057,"Downgrade_ph":0.01134477,"Upgrade_ph":0.00515671,"ThumbDown_ph":0.02784625,"ThumbUp_ph":0.04950444,"Home_ph":0.04641041,"Adv_ph":0.03815967,"Addtolist_ph":0.01650148,"Set_ph":0.00309403,"Addfriend_ph":0.02475222,"Error_ph":0.00103134,"Help_ph":0.00206268,"Action_toSession":73.28571429,"Nextsong_toAct":0.76998051,"Downgrade_toAct":0.01072125,"Upgrade_toAct":0.00487329,"ThumbDown_toAct":0.02631579,"ThumbUp_toAct":0.04678363,"Home_toAct":0.04385965,"Adv_toAct":0.03606238,"Addtolist_toAct":0.01559454,"Set_toAct":0.00292398,"Addfriend_toAct":0.02339181,"Error_toAct":9.7466E-4,"Help_toAct":0.00194932,"Action_trend":0.92700197,"Nextsong_trend":0.94714975,"Nextsong_betweenHome":20.78947368}
{"label":0,"gender_num":0,"level_num":0,"Action_ph":15.42857143,"Session_ph":0.57142857,"Nextsong_ph":15.42857143,"Downgrade_ph":0.0,"Upgrade_ph":0.0,"ThumbDown_ph":0.0,"ThumbUp_ph":1.14285714,"Home_ph":0.57142857,"Adv_ph":1.14285714,"Addtolist_ph":0.57142857,"Set_ph":0.0,"Addfriend_ph":0.0,"Error_ph":0.0,"Help_ph":0.57142857,"Action_toSession":35.0,"Nextsong_toAct":0.77142857,"Downgrade_toAct":0.0,"Upgrade_toAct":0.0,"ThumbDown_toAct":0.0,"ThumbUp_toAct":0.05714286,"Home_toAct":0.02857143,"Adv_toAct":0.05714286,"Addtolist_toAct":0.02857143,"Set_toAct":0.0,"Addfriend_toAct":0.0,"Error_toAct":0.0,"Help_toAct":0.02857143,"Action_trend":0.99971437,"Nextsong_trend":0.99962977,"Nextsong_betweenHome":13.5}
