{"label":0,"gender_num":0,"level_num":1,"Action_ph":1.80517188,"Session_ph":0.01726519,"Nextsong_ph":1.80517188,"Downgrade_ph":0.02877532,"Upgrade_ph":0.00191835,"ThumbDown_ph":0.00767342,"ThumbUp_ph":0.09975445,"Home_ph":0.08248926,"Adv_ph":0.0,"Addtolist_ph":0.06138735,"Set_ph":0.00575506,"Addfriend_ph":0.03069368,"Error_ph":0.00575506,"Help_ph":0.01342848,"Action_toSession":125.66666667,"Nextsong_toAct":0.83200707,"Downgrade_toAct":0.0132626,"Upgrade_toAct":8.8417E-4,"ThumbDown_toAct":0.00353669,"ThumbUp_toAct":0.04597701,"Home_toAct":0.03801945,"Adv_toAct":0.0,"Addtolist_toAct":0.02829355,"Set_toAct":0.00265252,"Addfriend_toAct":0.01414677,"Error_toAct":0.00265252,"Help_toAct":0.00618921,"Action_trend":0.54292244,"Nextsong_trend":0.53171402,"Nextsong_betweenHome":22.95121951}
{"label":1,"gender_num":0,"level_num":0,"Action_ph":1.03424785,"Session_ph":0.03185023,"Nextsong_ph":1.03424785,"Downgrade_ph":0.00530837,"Upgrade_ph":0.00530837,"ThumbDown_ph":0.03185023,"ThumbUp_ph":0.04954481,"Home_ph":0.05927682,"Adv_ph":0.06104628,"Addtolist_ph":0.02831132,"Set_ph":0.0061931,"Addfriend_ph":0.00884729,"Error_ph":0.0,"Help_ph":0.0061931,"Action_toSession":41.61111111,"Nextsong_toAct":0.78037383,"Downgrade_toAct":0.00400534,"Upgrade_toAct":0.00400534,"ThumbDown_toAct":0.02403204,"ThumbUp_toAct":0.03738318,"Home_toAct":0.0447263,"Adv_toAct":0.04606142,"Addtolist_toAct":0.02136182,"Set_toAct":0.0046729,"Addfriend_toAct":0.00667557,"Error_toAct":0.0,"Help_toAct":0.0046729,"Action_trend":0.82231415,"Nextsong_trend":0.79798682,"Nextsong_betweenHome":17.98461538}
