{"label":0,"gender_num":0,"level_num":1,"Action_ph":0.63673481,"Session_ph":0.0072521,"Nextsong_ph":0.63673481,"Downgrade_ph":0.01015295,"Upgrade_ph":0.00145042,"ThumbDown_ph":0.00507647,"ThumbUp_ph":0.03408489,"Home_ph":0.03553531,"Adv_ph":0.00797732,"Addtolist_ph":0.02030589,"Set_ph":0.00435126,"Addfriend_ph":0.01595463,"Error_ph":0.00290084,"Help_ph":0.00580168,"Action_toSession":109.1,"Nextsong_toAct":0.80476627,"Downgrade_toAct":0.01283226,"Upgrade_toAct":0.00183318,"ThumbDown_toAct":0.00641613,"ThumbUp_toAct":0.04307974,"Home_toAct":0.04491292,"Adv_toAct":0.01008249,"Addtolist_toAct":0.02566453,"Set_toAct":0.00549954,"Addfriend_toAct":0.02016499,"Error_toAct":0.00366636,"Help_toAct":0.00733272,"Action_trend":0.03924362,"Nextsong_trend":0.02304924,"Nextsong_betweenHome":19.08695652}
