{"label":1,"gender_num":1,"level_num":1,"Action_ph":0.62020792,"Session_ph":0.00930312,"Nextsong_ph":0.62020792,"Downgrade_ph":0.0038763,"Upgrade_ph":0.00620208,"ThumbDown_ph":0.00620208,"ThumbUp_ph":0.0271341,"Home_ph":0.03643722,"Adv_ph":0.05349293,"Addtolist_ph":0.01705572,"Set_ph":0.00542682,"Addfriend_ph":0.01085364,"Error_ph":7.7526E-4,"Help_ph":0.00465156,"Action_toSession":87.5,"Nextsong_toAct":0.76190476,"Downgrade_toAct":0.0047619,"Upgrade_toAct":0.00761905,"ThumbDown_toAct":0.00761905,"ThumbUp_toAct":0.03333333,"Home_toAct":0.0447619,"Adv_toAct":0.06571429,"Addtolist_toAct":0.02095238,"Set_toAct":0.00666667,"Addfriend_toAct":0.01333333,"Error_toAct":9.5238E-4,"Help_toAct":0.00571429,"Action_trend":0.26604894,"Nextsong_trend":0.31427574,"Nextsong_betweenHome":17.39130435}
