{"label":0,"gender_num":1,"level_num":1,"Action_ph":0.9967443,"Session_ph":0.01287968,"Nextsong_ph":0.9967443,"Downgrade_ph":0.00143108,"Upgrade_ph":0.0,"ThumbDown_ph":0.01144861,"ThumbUp_ph":0.07942471,"Home_ph":0.03434582,"Adv_ph":7.1554E-4,"Addtolist_ph":0.03076813,"Set_ph":0.00286215,"Addfriend_ph":0.01645737,"Error_ph":0.00214661,"Help_ph":0.00643984,"Action_toSession":92.88888889,"Nextsong_toAct":0.83313397,"Downgrade_toAct":0.00119617,"Upgrade_toAct":0.0,"ThumbDown_toAct":0.00956938,"ThumbUp_toAct":0.06638756,"Home_toAct":0.02870813,"Adv_toAct":5.9809E-4,"Addtolist_toAct":0.0257177,"Set_toAct":0.00239234,"Addfriend_toAct":0.01375598,"Error_toAct":0.00179426,"Help_toAct":0.00538278,"Action_trend":0.24574582,"Nextsong_trend":0.2439881,"Nextsong_betweenHome":28.42857143}
