{"label":0,"gender_num":0,"level_num":1,"Action_ph":1.89515189,"Session_ph":0.02473166,"Nextsong_ph":1.89515189,"Downgrade_ph":0.02119857,"Upgrade_ph":7.0662E-4,"ThumbDown_ph":0.01907871,"ThumbUp_ph":0.1045796,"Home_ph":0.07419498,"Adv_ph":0.01766547,"Addtolist_ph":0.04310375,"Set_ph":0.00777281,"Addfriend_ph":0.03462433,"Error_ph":0.00211986,"Help_ph":0.01271914,"Action_toSession":91.82857143,"Nextsong_toAct":0.83447418,"Downgrade_toAct":0.00933416,"Upgrade_toAct":3.1114E-4,"ThumbDown_toAct":0.00840075,"ThumbUp_toAct":0.04604854,"Home_toAct":0.03266957,"Adv_toAct":0.00777847,"Addtolist_toAct":0.01897946,"Set_toAct":0.00342253,"Addfriend_toAct":0.0152458,"Error_toAct":9.3342E-4,"Help_toAct":0.0056005,"Action_trend":1.10143154,"Nextsong_trend":1.1147643,"Nextsong_betweenHome":26.82}
{"label":1,"gender_num":1,"level_num":0,"Action_ph":16.66666667,"Session_ph":0.64102564,"Nextsong_ph":16.66666667,"Downgrade_ph":0.0,"Upgrade_ph":0.0,"ThumbDown_ph":1.28205128,"ThumbUp_ph":1.28205128,"Home_ph":1.28205128,"Adv_ph":1.92307692,"Addtolist_ph":0.64102564,"Set_ph":0.64102564,"Addfriend_ph":2.56410256,"Error_ph":0.0,"Help_ph":0.0,"Action_toSession":44.0,"Nextsong_toAct":0.59090909,"Downgrade_toAct":0.0,"Upgrade_toAct":0.0,"ThumbDown_toAct":0.04545455,"ThumbUp_toAct":0.04545455,"Home_toAct":0.04545455,"Adv_toAct":0.06818182,"Addtolist_toAct":0.02272727,"Set_toAct":0.02272727,"Addfriend_toAct":0.09090909,"Error_toAct":0.0,"Help_toAct":0.0,"Action_trend":0.99977278,"Nextsong_trend":0.99961553,"Nextsong_betweenHome":13.0}
