{"label":1,"gender_num":1,"level_num":1,"Action_ph":1.43514432,"Session_ph":0.01471257,"Nextsong_ph":1.43514432,"Downgrade_ph":0.01738758,"Upgrade_ph":0.00535003,"ThumbDown_ph":0.01203756,"ThumbUp_ph":0.06955033,"Home_ph":0.06018779,"Adv_ph":0.01872509,"Addtolist_ph":0.05617527,"Set_ph":0.00668753,"Addfriend_ph":0.03343766,"Error_ph":0.0,"Help_ph":0.00936254,"Action_toSession":119.09090909,"Nextsong_toAct":0.81908397,"Downgrade_toAct":0.00992366,"Upgrade_toAct":0.00305344,"ThumbDown_toAct":0.00687023,"ThumbUp_toAct":0.03969466,"Home_toAct":0.03435115,"Adv_toAct":0.01068702,"Addtolist_toAct":0.03206107,"Set_toAct":0.00381679,"Addfriend_toAct":0.01908397,"Error_toAct":0.0,"Help_toAct":0.00534351,"Action_trend":1.42852706,"Nextsong_trend":1.53030242,"Nextsong_betweenHome":23.84444444}
{"label":0,"gender_num":0,"level_num":1,"Action_ph":0.2240165,"Session_ph":0.00966978,"Nextsong_ph":0.2240165,"Downgrade_ph":0.0,"Upgrade_ph":0.00322326,"ThumbDown_ph":0.0,"ThumbUp_ph":0.01128141,"Home_ph":0.01450467,"Adv_ph":0.00805815,"Addtolist_ph":0.00805815,"Set_ph":0.0,"Addfriend_ph":0.00483489,"Error_ph":0.0,"Help_ph":0.0,"Action_toSession":29.0,"Nextsong_toAct":0.79885057,"Downgrade_toAct":0.0,"Upgrade_toAct":0.01149425,"ThumbDown_toAct":0.0,"ThumbUp_toAct":0.04022989,"Home_toAct":0.05172414,"Adv_toAct":0.02873563,"Addtolist_toAct":0.02873563,"Set_toAct":0.0,"Addfriend_toAct":0.01724138,"Error_toAct":0.0,"Help_toAct":0.0,"Action_trend":0.16777397,"Nextsong_trend":0.18801812,"Nextsong_betweenHome":15.44444444}
{"label":0,"gender_num":0,"level_num":1,"Action_ph":0.91853396,"Session_ph":0.0111169,"Nextsong_ph":0.91853396,"Downgrade_ph":0.00625326,"Upgrade_ph":0.00138961,"ThumbDown_ph":0.01459093,"ThumbUp_ph":0.04516241,"Home_ph":0.04029877,"Adv_ph":0.00138961,"Addtolist_ph":0.02084419,"Set_ph":0.00486364,"Addfriend_ph":0.01459093,"Error_ph":0.00208442,"Help_ph":0.00833768,"Action_toSession":98.125,"Nextsong_toAct":0.84203822,"Downgrade_toAct":0.00573248,"Upgrade_toAct":0.00127389,"ThumbDown_toAct":0.0133758,"ThumbUp_toAct":0.04140127,"Home_toAct":0.03694268,"Adv_toAct":0.00127389,"Addtolist_toAct":0.01910828,"Set_toAct":0.0044586,"Addfriend_toAct":0.0133758,"Error_toAct":0.00191083,"Help_toAct":0.00764331,"Action_trend":10.89091234,"Nextsong_trend":11.41968451,"Nextsong_betweenHome":22.40677966}
{"label":0,"gender_num":1,"level_num":1,"Action_ph":0.98609587,"Session_ph":0.01555068,"Nextsong_ph":0.98609587,"Downgrade_ph":0.00182949,"Upgrade_ph":9.1475E-4,"ThumbDown_ph":0.0100622,"ThumbUp_ph":0.06037322,"Home_ph":0.04116356,"Adv_ph":0.02103915,"Addtolist_ph":0.03567508,"Set_ph":0.00640322,"Addfriend_ph":0.02103915,"Error_ph":0.0,"Help_ph":0.00823271,"Action_toSession":77.76470588,"Nextsong_toAct":0.81543116,"Downgrade_toAct":0.00151286,"Upgrade_toAct":7.5643E-4,"ThumbDown_toAct":0.00832073,"ThumbUp_toAct":0.04992436,"Home_toAct":0.03403933,"Adv_toAct":0.01739788,"Addtolist_toAct":0.02950076,"Set_toAct":0.00529501,"Addfriend_toAct":0.01739788,"Error_toAct":0.0,"Help_toAct":0.00680787,"Action_trend":0.98434937,"Nextsong_trend":1.13099548,"Nextsong_betweenHome":24.5}
