{"label":0,"gender_num":1,"level_num":0,"Action_ph":0.89638993,"Session_ph":0.02311005,"Nextsong_ph":0.89638993,"Downgrade_ph":0.00560244,"Upgrade_ph":0.00420183,"ThumbDown_ph":0.00980426,"ThumbUp_ph":0.03991736,"Home_ph":0.05252285,"Adv_ph":0.05182254,"Addtolist_ph":0.02591127,"Set_ph":0.00980426,"Addfriend_ph":0.02240975,"Error_ph":0.0,"Help_ph":0.00560244,"Action_toSession":50.12121212,"Nextsong_toAct":0.7738815,"Downgrade_toAct":0.00483676,"Upgrade_toAct":0.00362757,"ThumbDown_toAct":0.00846433,"ThumbUp_toAct":0.03446191,"Home_toAct":0.04534462,"Adv_toAct":0.04474002,"Addtolist_toAct":0.02237001,"Set_toAct":0.00846433,"Addfriend_toAct":0.01934704,"Error_toAct":0.0,"Help_toAct":0.00483676,"Action_trend":1.35859246,"Nextsong_trend":1.32394838,"Nextsong_betweenHome":17.77777778}
{"label":0,"gender_num":0,"level_num":0,"Action_ph":0.43414579,"Session_ph":0.00877062,"Nextsong_ph":0.43414579,"Downgrade_ph":0.00526237,"Upgrade_ph":0.00263119,"ThumbDown_ph":0.01491006,"ThumbUp_ph":0.02455774,"Home_ph":0.0254348,"Adv_ph":0.00877062,"Addtolist_ph":0.01578712,"Set_ph":0.00263119,"Addfriend_ph":0.0070165,"Error_ph":0.0,"Help_ph":0.00263119,"Action_toSession":63.9,"Nextsong_toAct":0.77464789,"Downgrade_toAct":0.00938967,"Upgrade_toAct":0.00469484,"ThumbDown_toAct":0.02660407,"ThumbUp_toAct":0.04381847,"Home_toAct":0.04538341,"Adv_toAct":0.01564945,"Addtolist_toAct":0.02816901,"Set_toAct":0.00469484,"Addfriend_toAct":0.01251956,"Error_toAct":0.0,"Help_toAct":0.00469484,"Action_trend":0.14757384,"Nextsong_trend":0.13091557,"Nextsong_betweenHome":19.03846154}
