{"label":1,"gender_num":1,"level_num":0,"Action_ph":1.05306628,"Session_ph":0.04129672,"Nextsong_ph":1.05306628,"Downgrade_ph":0.0,"Upgrade_ph":0.0,"ThumbDown_ph":0.0,"ThumbUp_ph":0.06194508,"Home_ph":0.14453851,"Adv_ph":0.18583523,"Addtolist_ph":0.04129672,"Set_ph":0.0,"Addfriend_ph":0.0,"Error_ph":0.0,"Help_ph":0.02064836,"Action_toSession":39.0,"Nextsong_toAct":0.65384615,"Downgrade_toAct":0.0,"Upgrade_toAct":0.0,"ThumbDown_toAct":0.0,"ThumbUp_toAct":0.03846154,"Home_toAct":0.08974359,"Adv_toAct":0.11538462,"Addtolist_toAct":0.02564103,"Set_toAct":0.0,"Addfriend_toAct":0.0,"Error_toAct":0.0,"Help_toAct":0.01282051,"Action_trend":0.99987181,"Nextsong_trend":0.99980396,"Nextsong_betweenHome":7.28571429}
