{"label":1,"gender_num":1,"level_num":1,"Action_ph":1.51826346,"Session_ph":0.01879371,"Nextsong_ph":1.51826346,"Downgrade_ph":0.0174513,"Upgrade_ph":0.00536963,"ThumbDown_ph":0.02013612,"ThumbUp_ph":0.05235391,"Home_ph":0.07114762,"Adv_ph":0.05235391,"Addtolist_ph":0.04161465,"Set_ph":0.00939686,"Addfriend_ph":0.03758742,"Error_ph":0.00268482,"Help_ph":0.01208167,"Action_toSession":99.42857143,"Nextsong_toAct":0.8125,"Downgrade_toAct":0.00933908,"Upgrade_toAct":0.00287356,"ThumbDown_toAct":0.01077586,"ThumbUp_toAct":0.02801724,"Home_toAct":0.03807471,"Adv_toAct":0.02801724,"Addtolist_toAct":0.02227011,"Set_toAct":0.00502874,"Addfriend_toAct":0.02011494,"Error_toAct":0.00143678,"Help_toAct":0.00646552,"Action_trend":0.4306225,"Nextsong_trend":0.4425964,"Nextsong_betweenHome":21.75}
{"label":0,"gender_num":0,"level_num":1,"Action_ph":1.28959043,"Session_ph":0.0110045,"Nextsong_ph":1.28959043,"Downgrade_ph":0.01513119,"Upgrade_ph":6.8778E-4,"ThumbDown_ph":0.00894116,"ThumbUp_ph":0.07634375,"Home_ph":0.0522714,"Adv_ph":0.00206334,"Addtolist_ph":0.03438908,"Set_ph":0.00962894,"Addfriend_ph":0.01925788,"Error_ph":0.00343891,"Help_ph":0.01031672,"Action_toSession":140.0,"Nextsong_toAct":0.83705357,"Downgrade_toAct":0.00982143,"Upgrade_toAct":4.4643E-4,"ThumbDown_toAct":0.00580357,"ThumbUp_toAct":0.04955357,"Home_toAct":0.03392857,"Adv_toAct":0.00133929,"Addtolist_toAct":0.02232143,"Set_toAct":0.00625,"Addfriend_toAct":0.0125,"Error_toAct":0.00223214,"Help_toAct":0.00669643,"Action_trend":0.32810941,"Nextsong_trend":0.33921236,"Nextsong_betweenHome":25.68493151}
